mapping, replan, sfc, mpc, 
1.62745, 0.281672, 0.27517, 2.18834, 
0, 0.000145, 0.253526, 1.96658, 
1.27718, 0.000148, 0.245407, 1.91829, 
0, 0.000133, 0.3424, 1.96699, 
0, 0.000162, 0.237924, 1.92908, 
0, 0.000194, 0.252103, 1.909, 
0, 0.000151, 0.270229, 3.15931, 
1.16284, 6.8e-05, 0.249576, 2.1214, 
0, 6e-05, 0.267285, 2.00384, 
0, 0.000155, 0.24318, 2.12381, 
0, 0.000145, 0.23399, 1.98057, 
0, 0.000162, 0.239339, 2.04967, 
2.19001, 0.000187, 0.286089, 2.17496, 
0, 0.000244, 0.350304, 2.41385, 
0, 5e-05, 0.307505, 2.10501, 
0, 0.00016, 0.324128, 2.34129, 
0, 0.000194, 0.355413, 2.56493, 
1.65883, 0.000132, 0.323389, 2.3748, 
0, 0.000263, 0.525779, 2.64563, 
0, 0.000159, 0.340037, 2.17349, 
0, 0.000194, 0.29813, 2.2171, 
0, 0.000167, 0.329726, 2.37458, 
1.10452, 5.1e-05, 0.259672, 2.11589, 
0, 0.000151, 0.28862, 2.16603, 
0, 7e-05, 0.371565, 2.09225, 
0, 6.9e-05, 0.312571, 2.36805, 
0, 0.00025, 0.299896, 2.10752, 
1.13915, 0.000153, 0.308826, 2.27374, 
0, 0.000409, 0.30237, 2.10114, 
0, 0.000224, 0.262605, 2.08341, 
0, 0.000193, 0.269651, 2.49621, 
0, 0.000152, 0.323295, 2.14975, 
1.58901, 0.000304, 0.28727, 2.2743, 
0, 0.000205, 0.357057, 2.51994, 
0, 0.000231, 0.303415, 2.08737, 
0, 0.000168, 0.318247, 2.02788, 
0, 0.000206, 0.391633, 2.46865, 
0, 7.1e-05, 0.300484, 2.14922, 
1.12518, 0.000191, 0.266203, 2.00679, 
0, 0.000212, 0.270418, 1.97364, 
0, 0.000232, 0.296631, 2.09968, 
0, 0.000163, 0.24608, 1.93267, 
1.68108, 6.1e-05, 0.273131, 2.24127, 
0, 0.00026, 0.248468, 2.05169, 
0, 0.000194, 0.231971, 2.31124, 
0, 0.000145, 0.262523, 2.03023, 
0, 5.8e-05, 0.257969, 1.95818, 
1.13265, 0.000179, 0.153134, 1.09268, 
0, 5.1e-05, 0.27227, 2.05106, 
0, 0.000155, 0.236827, 1.9878, 
0, 6e-05, 0.239048, 2.02153, 
0, 0.00018, 0.242668, 2.02157, 
1.14518, 5.8e-05, 0.223229, 1.90746, 
0, 0.000233, 0.307273, 2.12944, 
0, 0.000153, 0.254271, 2.02539, 
0, 0.00019, 0.251275, 1.97809, 
0, 0.000151, 0.234767, 1.84971, 
1.22401, 0.000157, 0.632657, 1.96198, 
0, 0.000283, 0.339614, 2.02913, 
0, 0.000161, 0.362128, 1.96769, 
0, 4.4e-05, 0.559873, 1.82377, 
0, 0.000207, 0.603596, 2.08498, 
1.28117, 0.000537, 0.472785, 2.29676, 
0, 0.000147, 0.710044, 2.1416, 
0, 0.000161, 0.641742, 1.73259, 
0, 0.000178, 0.341336, 1.74259, 
0, 6.5e-05, 0.2731, 2.11164, 
1.33749, 0.000158, 0.281964, 2.20583, 
0, 0.000226, 0.293607, 1.96544, 
0, 0.000245, 0.250579, 1.96358, 
0, 0.000154, 0.255867, 1.90271, 
0, 4.3e-05, 0.254032, 1.96297, 
1.06677, 6e-05, 0.302157, 2.02307, 
0, 5.7e-05, 0.277908, 2.07107, 
0, 0.000237, 0.264591, 2.08823, 
0, 0.000318, 0.299407, 2.37303, 
0, 0.000155, 0.274783, 2.08581, 
1.05412, 0.00014, 0.279123, 2.04656, 
0, 0.000232, 0.267373, 1.92474, 
0, 3.4e-05, 0.253684, 2.02923, 
0, 0.000128, 0.268747, 2.07496, 
0, 0.000199, 0.319443, 2.12387, 
1.26704, 0.000199, 0.26084, 1.98057, 
0, 0.000337, 0.316518, 2.0267, 
0, 0.00017, 0.35318, 2.02046, 
0, 0.000162, 0.37482, 2.17803, 
0, 0.000128, 0.266031, 2.04846, 
1.27517, 0.000147, 0.269754, 2.26314, 
0, 0.000455, 0.307162, 2.71638, 
0, 0.000108, 0.267884, 3.40704, 
0, 0.000156, 0.262883, 4.89597, 
0, 5e-05, 0.26206, 2.0581, 
1.17362, 6.2e-05, 0.269202, 2.00021, 
0, 0.000172, 0.277678, 2.14956, 
0, 5e-05, 0.277429, 1.88546, 
0, 3.6e-05, 0.291454, 2.0177, 
0, 0.000157, 0.414049, 2.57628, 
1.22414, 4.8e-05, 0.359091, 1.89636, 
0, 4.4e-05, 0.294542, 1.76488, 
0, 0.000145, 0.26097, 1.79904, 
0, 3.8e-05, 0.259124, 1.76679, 
0, 0.000211, 0.172223, 1.63174, 
1.06855, 0.417549, 0.317164, 2.62635, 
0, 0.000311, 0.307217, 1.95387, 
0, 0.000236, 0.298499, 1.96375, 
0, 0.000139, 0.436241, 2.05412, 
0, 0.000188, 0.291014, 2.13799, 
1.28458, 0.813254, 0.58659, 2.12719, 
0, 0.000128, 0.255807, 1.99173, 
0, 0.000155, 0.357455, 2.16883, 
0, 0.000197, 0.275814, 2.00987, 
0, 0.000254, 0.390152, 2.29162, 
1.34018, 0.207244, 0.18838, 2.36387, 
0, 0.000235, 0.299625, 3.19034, 
0, 0.000145, 0.214525, 2.58639, 
0, 5.8e-05, 0.201099, 2.57872, 
0, 0.000161, 0.248997, 2.98663, 
1.22655, 0.193307, 0.189544, 2.54875, 
0, 3.6e-05, 0.212412, 2.82483, 
0, 0.000127, 0.227187, 2.79366, 
0, 0.000166, 0.348298, 3.25613, 
0, 0.000344, 0.291141, 2.71723, 
1.49133, 0.372221, 0.208004, 2.35737, 
0, 0.000154, 0.251028, 4.10635, 
0, 0.000141, 0.459592, 2.84636, 
0, 0.000182, 0.242763, 3.90309, 
0, 0.000177, 0.53403, 2.86732, 
1.32268, 0.447421, 0.299179, 2.78408, 
0, 0.000116, 1.08996, 2.34128, 
0, 0.000625, 0.50471, 2.37285, 
0, 0.000172, 0.271805, 2.09615, 
0, 0.000185, 0.715592, 2.25954, 
1.1498, 0.000199, 0.78413, 2.11456, 
0, 0.000448, 0.418968, 2.33792, 
0, 0.000126, 0.293094, 1.99754, 
0, 0.000178, 0.369148, 2.0301, 
0, 0.000999, 0.409412, 2.3464, 
1.35957, 4.4e-05, 0.643967, 2.05363, 
0, 0.000142, 0.34675, 2.35247, 
0, 0.000222, 0.45794, 2.31582, 
0, 0.000594, 0.549685, 2.48127, 
0, 0.000164, 0.322938, 2.15326, 
1.21221, 0.000159, 0.308574, 3.10194, 
0, 0.000214, 0.408917, 2.29909, 
0, 0.000213, 0.392289, 2.38266, 
0, 0.000158, 0.368704, 2.2626, 
0, 0.000162, 0.293588, 1.98849, 
1.26245, 0.532661, 0.621548, 4.64626, 
0, 0.000172, 0.291674, 3.55739, 
0, 0.000157, 0.493454, 3.60746, 
0, 0.000186, 0.358268, 4.27163, 
0, 0.00029, 0.319138, 4.09457, 
1.26899, 0.220902, 0.26281, 2.45456, 
0, 0.00015, 0.357652, 2.48382, 
0, 0.000404, 0.378467, 2.50001, 
0, 7.3e-05, 0.370677, 2.58367, 
0, 0.000142, 0.30901, 3.76071, 
0, 0.000189, 0.347283, 4.31716, 
1.61563, 0.249527, 0.364523, 2.74079, 
0, 0.000175, 0.328924, 3.20921, 
0, 0.000249, 0.394241, 4.3578, 
0, 0.000139, 0.319803, 3.99022, 
1.0779, 0.241812, 0.387897, 2.49226, 
0, 3.6e-05, 0.52962, 4.53358, 
0, 8.3e-05, 0.45457, 4.82695, 
0, 0.000275, 0.341978, 3.52836, 
0, 6.7e-05, 0.468955, 3.01051, 
1.04114, 0.234802, 0.492821, 3.85874, 
0, 0.001047, 0.755274, 6.39104, 
0, 0.000154, 0.468615, 5.20213, 
0, 0.000203, 0.566646, 4.14231, 
0, 0.000188, 0.423792, 5.55724, 
0, 7.4e-05, 0.426743, 6.34086, 
1.60792, 0.208833, 0.437621, 5.56601, 
0, 0.000213, 0.509076, 8.36101, 
0, 0.000206, 0.446959, 5.72997, 
0, 0.00019, 0.802782, 6.216, 
1.46929, 0.000144, 0.983804, 9.07376, 
0, 0.159871, 0.420176, 6.01563, 
0, 0.000183, 0.473185, 5.01627, 
0, 9e-05, 0.403174, 8.32465, 
0, 0.00023, 0.573889, 4.64302, 
1.2134, 0.165622, 0.387736, 3.94639, 
0, 0.000146, 0.409414, 5.23017, 
0, 7.4e-05, 0.404663, 3.95963, 
0, 0.000177, 0.366783, 4.10196, 
0, 0.000149, 0.42634, 5.75853, 
1.18476, 0.17619, 0.355249, 3.10087, 
0, 5.8e-05, 0.36982, 3.12626, 
0, 0.000181, 0.388431, 2.82875, 
0, 0.000134, 0.368599, 3.18283, 
0, 0.000181, 0.34938, 5.14229, 
1.36906, 0.229946, 0.386364, 4.22198, 
0, 0.000139, 0.397862, 4.27218, 
0, 0.000234, 0.393863, 5.3151, 
0, 0.000168, 0.383443, 4.91831, 
0, 0.000164, 0.597668, 4.96586, 
0, 0.000191, 0.805664, 3.70296, 
1.9264, 0.329331, 0.868578, 4.18214, 
0, 0.00026, 0.571636, 3.41574, 
0, 7.7e-05, 0.364633, 2.86803, 
0, 0.000171, 0.347219, 2.85647, 
1.68586, 0.264382, 0.497582, 3.40382, 
0, 5e-05, 0.375103, 2.88942, 
0, 0.000245, 0.72601, 3.27619, 
0, 0.000179, 0.668599, 3.61292, 
0, 0.000158, 0.397718, 4.21028, 
1.27757, 0.206835, 0.339979, 2.72695, 
0, 0.000128, 0.77581, 4.85081, 
0, 0.000147, 0.600864, 2.69272, 
0, 6.5e-05, 0.402279, 3.29538, 
0, 0.000311, 0.832928, 3.26995, 
3.35541, 0.350139, 0.805077, 3.59818, 
0, 0.000169, 0.470685, 4.77745, 
0, 0.000194, 0.491786, 3.99966, 
0, 0.000616, 0.487617, 2.2314, 
0, 6.8e-05, 0.810462, 2.87665, 
1.46056, 8.6e-05, 0.409908, 2.66084, 
0, 0.000156, 0.663711, 2.54486, 
0, 0.000238, 0.493292, 2.41487, 
0, 0.000183, 1.0386, 2.69966, 
0, 0.000168, 0.382831, 2.41258, 
1.93111, 0.539626, 0.60471, 2.16999, 
0, 0.000144, 0.402929, 2.43049, 
0, 0.00017, 0.440437, 2.41669, 
0, 0.000283, 0.843959, 2.2941, 
0, 0.000111, 1.01525, 3.18537, 
0, 0.000171, 0.17829, 1.04613, 
3.49123, 0.557767, 0.725695, 2.5212, 
0, 0.000165, 0.389793, 2.61371, 
0, 0.000187, 0.48238, 2.01016, 
0, 0.000168, 0.747691, 1.95933, 
0, 0.0003, 0.410663, 2.22136, 
2.13902, 0.398864, 0.451697, 3.27106, 
0, 0.000142, 0.464978, 2.4518, 
0, 0.000175, 0.375544, 2.18697, 
0, 8.4e-05, 0.689873, 2.02403, 
0, 0.000104, 0.45234, 2.18327, 
1.63729, 0.236486, 0.359697, 1.9113, 
0, 6.1e-05, 0.281431, 1.76571, 
0, 0.000224, 0.313322, 2.03467, 
0, 0.000152, 0.693331, 1.98273, 
1.14018, 0.136569, 0.292539, 2.31778, 
0, 0.000194, 0.282583, 2.3316, 
0, 0.000241, 0.397158, 2.37135, 
0, 0.000174, 0.459286, 3.01159, 
0, 0.000193, 0.490285, 3.98817, 
2.28692, 0.344152, 0.364789, 2.55804, 
0, 7.5e-05, 0.3777, 2.69068, 
0, 0.000182, 0.325241, 3.02338, 
0, 0.00013, 0.315149, 2.51262, 
0, 0.00018, 0.267134, 2.38951, 
1.48917, 0.255353, 0.237132, 2.52807, 
0, 0.000164, 0.38454, 2.49586, 
0, 0.00023, 0.32656, 2.43616, 
0, 0.000581, 0.407415, 2.54533, 
0, 5.8e-05, 0.258876, 2.36796, 
1.10384, 3.7e-05, 0.312122, 2.21193, 
0, 4.9e-05, 0.374166, 3.1844, 
0, 0.000144, 0.299709, 2.64635, 
0, 0.000292, 0.362888, 2.91123, 
0, 0.000126, 0.375778, 2.88871, 
1.26205, 5.7e-05, 0.24319, 3.36595, 
0, 0.000228, 0.277577, 3.24668, 
0, 5.1e-05, 0.25751, 3.87211, 
0, 0.000152, 0.335639, 3.21637, 
0, 4.5e-05, 0.295469, 2.86272, 
1.30338, 0.000216, 0.412526, 3.64397, 
0, 0.000166, 0.314155, 2.75104, 
0, 3.6e-05, 0.33266, 3.31933, 
0, 0.000158, 0.441571, 3.09205, 
0, 0.000299, 0.300815, 2.7304, 
1.68798, 5.7e-05, 0.400969, 5.99774, 
0, 0.00029, 0.448317, 3.03374, 
0, 0.000208, 0.441693, 3.20545, 
0, 0.000219, 0.409059, 3.70657, 
0, 0.00015, 0.340711, 3.32647, 
1.36634, 0.000172, 0.352099, 3.20507, 
0, 0.000113, 0.454484, 2.66506, 
0, 0.000217, 0.333624, 5.40471, 
0, 0.000175, 0.347959, 2.83733, 
0, 8.8e-05, 0.349561, 3.36541, 
2.07293, 0.00013, 0.362582, 3.82128, 
0, 0.000165, 0.475628, 3.09355, 
0, 0.000219, 0.268953, 2.79475, 
0, 0.000146, 0.288212, 2.58956, 
0, 0.00014, 0.265178, 2.59934, 
2.24858, 0.000188, 0.267144, 3.71129, 
0, 7.1e-05, 0.268893, 3.06806, 
0, 0.000155, 0.294097, 3.90179, 
0, 0.000414, 0.460368, 4.31991, 
0, 0.00017, 0.2471, 2.36286, 
2.10411, 6.8e-05, 0.253869, 3.56562, 
0, 0.000164, 0.258241, 2.93718, 
0, 0.000142, 0.227792, 2.75733, 
0, 0.000586, 0.303878, 2.94472, 
0, 0.000297, 1.95607, 4.45525, 
1.73239, 0.000152, 0.264613, 4.72645, 
0, 0.000186, 0.335297, 4.72995, 
0, 0.000238, 0.259094, 3.78861, 
0, 0.000129, 0.336163, 3.53552, 
0, 0.000192, 0.275137, 3.82132, 
1.09662, 0.000282, 0.391166, 2.55351, 
0, 4.6e-05, 0.278312, 1.89744, 
0, 0.000199, 0.296081, 1.70195, 
0, 5.8e-05, 0.285221, 3.78453, 
0, 0.000423, 0.423474, 2.90861, 
1.67641, 0.000374, 0.312702, 2.13934, 
0, 0.000144, 0.267206, 3.72487, 
0, 0.000215, 0.314652, 3.51634, 
0, 6.1e-05, 0.353543, 3.95269, 
0, 0.000162, 0.288522, 2.4007, 
1.37316, 0.000176, 0.297307, 3.23588, 
0, 0.000222, 0.331047, 2.12554, 
0, 6.3e-05, 0.268445, 1.95535, 
0, 0.000216, 0.275207, 4.20834, 
0, 3.6e-05, 0.28482, 2.41688, 
1.35278, 3.7e-05, 0.275349, 3.13578, 
0, 0.00014, 0.258621, 1.9578, 
0, 0.000277, 0.312126, 3.1793, 
0, 4.4e-05, 0.265681, 2.47512, 
0, 0.000145, 0.290378, 1.86339, 
1.74337, 0.00015, 0.28049, 1.75036, 
0, 6.6e-05, 0.306624, 1.86817, 
0, 0.000251, 0.282191, 2.22906, 
0, 0.000164, 0.279783, 1.84379, 
0, 6.4e-05, 0.227537, 1.76826, 
0, 0.000205, 0.268654, 1.76131, 
1.81164, 0.000192, 0.263464, 1.88435, 
0, 0.000267, 0.240455, 1.58337, 
0, 0.000163, 0.246666, 1.79204, 
0, 0.000285, 0.298367, 1.89575, 
1.30883, 0.230683, 0.387591, 1.92873, 
0, 0.000148, 0.261404, 1.83002, 
0, 0.000114, 0.324968, 1.84364, 
0, 0.00017, 0.334279, 2.1446, 
0, 0.000164, 0.294629, 2.08868, 
1.23699, 0.000197, 0.352782, 3.51303, 
0, 0.000156, 0.277551, 1.87479, 
0, 0.000153, 0.251042, 1.92564, 
0, 0.000163, 0.324957, 2.11778, 
0, 0.000189, 0.388225, 2.27666, 
1.88306, 0.000156, 0.303528, 2.12274, 
0, 0.000166, 0.348757, 2.04119, 
0, 0.000205, 0.391064, 2.34756, 
0, 0.000218, 0.304642, 1.83127, 
0, 0.000125, 0.345179, 1.94771, 
1.3733, 0.00014, 0.285974, 1.85819, 
0, 0.000189, 0.263229, 1.82281, 
0, 0.000288, 0.256598, 1.7514, 
0, 6.1e-05, 0.343191, 2.1042, 
0, 4.7e-05, 0.308346, 1.89558, 
1.17838, 0.000151, 0.266377, 2.2098, 
0, 0.000183, 0.293581, 2.03327, 
0, 0.000146, 0.273318, 1.84958, 
0, 0.000144, 0.248121, 1.70743, 
0, 0.000168, 0.254393, 1.7717, 
1.00441, 4.4e-05, 0.279784, 1.89984, 
0, 0.000168, 0.365099, 2.01931, 
0, 0.000164, 0.249663, 1.83325, 
0, 0.000264, 0.270089, 1.85952, 
0, 0.000184, 0.246998, 2.27652, 
1.43009, 0.000216, 0.294604, 1.92415, 
0, 0.000154, 0.255241, 1.77604, 
0, 0.000151, 0.278097, 1.89306, 
0, 0.000152, 0.248819, 1.86439, 
0, 5.8e-05, 0.313762, 2.08741, 
1.43661, 0.000205, 0.309272, 2.17415, 
0, 0.000152, 0.32322, 2.06367, 
0, 0.000214, 0.276626, 1.87646, 
0, 0.000285, 0.255831, 1.91729, 
0, 0.000335, 0.387306, 2.34339, 
0, 7.3e-05, 0.258287, 1.9205, 
0, 0.00023, 0.356621, 2.27619, 
1.21773, 5.2e-05, 0.26093, 1.83486, 
0, 6.3e-05, 0.279431, 2.08414, 
0, 6.2e-05, 0.266257, 1.8912, 
1.37433, 5.8e-05, 0.28763, 1.91337, 
0, 5.3e-05, 0.263527, 2.12706, 
0, 0.000183, 0.321913, 3.11398, 
0, 5.6e-05, 0.288229, 1.97763, 
0, 0.000152, 0.27355, 1.97092, 
1.97883, 0.000166, 0.270665, 2.09442, 
0, 0.000169, 0.35559, 2.22795, 
0, 5.4e-05, 0.305201, 2.03431, 
0, 0.000132, 0.288438, 2.12112, 
0, 0.000169, 0.287139, 2.33019, 
1.70571, 5.9e-05, 0.276998, 2.01573, 
0, 0.00017, 0.301859, 2.57178, 
0, 0.000182, 0.28027, 3.15446, 
0, 0.000123, 0.330272, 2.23451, 
0, 0.000143, 0.281785, 2.33646, 
2.06984, 0.000156, 0.290269, 2.21264, 
0, 0.000168, 0.284827, 2.09896, 
0, 6.5e-05, 0.253759, 2.1365, 
0, 0.000428, 0.463413, 2.75161, 
0, 0.000165, 0.284778, 3.20409, 
1.80632, 0.000252, 0.368188, 3.27642, 
0, 0.000118, 0.300296, 3.91863, 
0, 0.000341, 0.339755, 3.1652, 
0, 0.000138, 0.325187, 2.51387, 
0, 0.000358, 0.435705, 5.05556, 
1.76991, 0.000177, 0.337178, 3.55947, 
0, 0.000243, 0.425639, 4.26618, 
0, 0.00028, 0.508604, 2.75172, 
0, 0.000291, 0.423833, 2.72203, 
0, 0.000163, 0.367234, 2.41156, 
2.59284, 0.00014, 0.310077, 2.17165, 
0, 0.000147, 0.281154, 2.44891, 
0, 0.000152, 0.307272, 2.20615, 
0, 0.000193, 0.452141, 2.7119, 
0, 8.2e-05, 0.325614, 2.21525, 
2.13926, 0.000453, 0.461317, 2.41406, 
0, 6.1e-05, 0.303521, 2.00849, 
0, 0.000148, 0.3965, 2.20158, 
0, 0.000263, 0.43276, 2.09178, 
0, 0.000161, 0.281013, 2.08211, 
1.29887, 4.7e-05, 0.283111, 1.76624, 
0, 0.00023, 0.184711, 1.82242, 
0, 0.000495, 0.332676, 2.15824, 
0, 0.000307, 0.302812, 2.21578, 
0, 0.00013, 0.201871, 1.66638, 
1.89575, 0.000133, 0.807005, 1.97339, 
0, 0.000217, 0.29295, 1.85065, 
0, 4.5e-05, 0.245288, 1.90712, 
0, 0.000163, 0.206289, 1.76606, 
0, 0.000288, 0.272295, 2.04521, 
1.38162, 0.000179, 0.224727, 2.04009, 
0, 0.000137, 0.217958, 1.74141, 
0, 0.000153, 0.211106, 1.84666, 
0, 0.000178, 0.198875, 1.68358, 
0, 0.000128, 0.204888, 1.58933, 
2.07216, 0.000177, 0.182066, 1.87956, 
0, 0.000145, 0.213337, 1.83272, 
0, 5.8e-05, 0.193544, 1.91603, 
0, 0.000247, 0.260344, 1.68654, 
0, 0.000295, 0.203563, 1.80061, 
1.65583, 0.000158, 0.183067, 1.72939, 
0, 0.000306, 0.203318, 1.79285, 
0, 0.000168, 0.227159, 1.89574, 
0, 0.000356, 0.297313, 2.26693, 
0, 0.000192, 0.230062, 1.98774, 
1.12855, 0.000159, 0.238084, 2.08185, 
0, 0.000276, 0.321518, 2.25113, 
0, 4.8e-05, 0.24816, 1.99008, 
0, 0.000176, 0.222688, 2.05617, 
0, 0.000236, 0.294637, 2.36669, 
1.91541, 7.4e-05, 0.21113, 1.86931, 
0, 0.00027, 0.233476, 2.05752, 
0, 0.000157, 0.254569, 2.0921, 
0, 0.000176, 0.223393, 1.76871, 
0, 0.000138, 0.226768, 1.89962, 
1.38194, 0.000637, 0.274345, 1.94066, 
0, 4.6e-05, 0.194687, 1.96762, 
0, 0.000142, 0.223811, 1.91168, 
0, 6.1e-05, 0.268596, 2.16237, 
0, 0.000163, 0.19832, 1.83216, 
0, 0.00025, 0.285914, 2.14048, 
1.57728, 6.3e-05, 0.222825, 1.91535, 
0, 0.000155, 0.22966, 2.17374, 
0, 0.000183, 0.210339, 1.96655, 
0, 0.000167, 0.224795, 2.07062, 
1.9192, 0.000217, 0.90642, 2.48165, 
0, 0.000154, 0.240164, 2.28782, 
0, 0.000188, 0.236081, 2.00946, 
0, 0.00015, 0.210496, 1.91691, 
0, 0.00021, 0.205301, 1.94104, 
0, 0.000203, 0.243089, 2.52295, 
1.54976, 0.000192, 0.244558, 2.05344, 
0, 4.3e-05, 0.23807, 2.22174, 
0, 0.000175, 0.317828, 2.07018, 
0, 7.5e-05, 0.381081, 2.63776, 
0, 0.000174, 0.312962, 2.20674, 
1.6642, 5.3e-05, 0.268859, 1.79783, 
0, 0.000141, 0.26937, 1.74538, 
0, 0.000169, 0.255195, 1.76979, 
0, 0.000157, 0.273296, 2.17682, 
1.16183, 3.5e-05, 0.318844, 1.96048, 
0, 0.000113, 0.280605, 1.94983, 
0, 0.000229, 0.337494, 2.2206, 
0, 0.000217, 0.346367, 2.17111, 
0, 0.000158, 0.298034, 2.06703, 
1.17987, 0.000185, 0.34402, 2.08442, 
0, 0.000143, 0.317077, 3.72344, 
0, 0.000159, 0.289542, 2.07471, 
0, 0.000162, 0.341916, 2.04719, 
0, 0.000172, 0.386035, 2.1077, 
1.64392, 5.9e-05, 0.307455, 2.09787, 
0, 0.000204, 0.285657, 1.96935, 
0, 0.000317, 0.456022, 2.9675, 
0, 0.000217, 0.337697, 4.08457, 
0, 0.000247, 0.365703, 2.18536, 
1.98165, 0.000201, 0.422242, 2.38377, 
0, 0.000162, 0.348419, 2.35137, 
0, 0.000206, 0.372704, 2.39695, 
0, 5.2e-05, 0.416595, 3.46982, 
0, 0.000161, 0.350716, 3.51157, 
2.09255, 0.000418, 0.473068, 2.59084, 
0, 4.5e-05, 0.315013, 2.18479, 
0, 0.00067, 0.949306, 2.65345, 
0, 0.000158, 0.298593, 2.2284, 
0, 6.1e-05, 0.32131, 2.85254, 
1.66895, 4.8e-05, 0.379622, 4.19656, 
0, 0.000175, 0.38834, 2.82158, 
0, 0.00014, 0.393794, 6.17165, 
0, 0.000177, 0.388514, 2.7482, 
0, 0.001013, 0.469503, 2.92224, 
1.5, 0.000154, 0.341904, 2.32691, 
0, 0.000312, 0.505673, 2.57295, 
0, 8.3e-05, 0.367922, 3.32989, 
0, 0.000267, 0.331325, 4.86783, 
0, 0.000133, 0.355213, 5.80227, 
1.16996, 0.000182, 0.404836, 2.38383, 
0, 0.000152, 0.359872, 2.15392, 
0, 0.000164, 0.36647, 2.25077, 
0, 6e-05, 0.362197, 2.96461, 
0, 0.000209, 0.416517, 3.53904, 
2.34082, 8.7e-05, 0.347589, 2.14651, 
0, 0.000127, 0.301862, 2.81799, 
0, 5.9e-05, 0.311452, 4.90568, 
0, 0.000231, 0.322633, 3.70958, 
0, 0.000149, 0.457489, 4.95271, 
1.39223, 0.000191, 0.103204, 1.14429, 
0, 0.000318, 0.585066, 3.67314, 
0, 6.1e-05, 0.30113, 3.67266, 
0, 6.1e-05, 0.265512, 2.44156, 
0, 5.1e-05, 0.264029, 2.72593, 
1.51159, 0.000225, 0.284813, 4.29425, 
0, 0.00016, 0.288457, 3.61592, 
0, 0.000142, 0.272953, 3.39817, 
0, 0.000167, 0.253118, 3.99092, 
0, 0.004909, 0.314729, 3.28594, 
1.19791, 6.2e-05, 0.262598, 3.57301, 
0, 0.000215, 0.271236, 2.50529, 
0, 0.000159, 0.291492, 1.95952, 
0, 0.000168, 0.378814, 3.46083, 
0, 0.000151, 0.338276, 3.70116, 
1.54938, 0.000225, 0.356811, 2.27872, 
0, 0.000131, 0.281135, 2.06258, 
0, 6.2e-05, 0.282652, 3.02759, 
0, 0.000204, 0.323755, 4.24012, 
0, 3.7e-05, 0.407939, 2.36443, 
1.53145, 0.000335, 0.816503, 3.79381, 
0, 0.000185, 0.290239, 2.06868, 
0, 6.1e-05, 0.375102, 2.26299, 
0, 9e-05, 0.374183, 2.2779, 
0, 0.000145, 0.390722, 4.40842, 
1.28452, 0.000257, 0.311027, 3.28698, 
0, 0.000209, 0.340999, 2.21007, 
0, 0.000123, 0.343813, 2.15316, 
0, 0.000267, 0.511817, 3.05629, 
0, 0.000127, 0.341595, 3.79532, 
1.30413, 0.000123, 0.308174, 4.26974, 
0, 0.000262, 0.392492, 2.53479, 
0, 0.000316, 0.415621, 3.19006, 
0, 0.000145, 0.535793, 2.56299, 
0, 0.000155, 0.293802, 1.8891, 
1.6719, 6.4e-05, 0.311787, 2.2351, 
0, 0.000155, 0.390771, 2.2427, 
0, 5e-05, 0.400286, 2.18999, 
0, 0.000453, 0.351108, 2.46628, 
0, 0.000162, 0.254356, 2.26038, 
1.06478, 0.000119, 0.232761, 1.8789, 
0, 0.000224, 0.225491, 1.87496, 
0, 0.000267, 0.275162, 2.23032, 
0, 0.000125, 0.236973, 2.13922, 
0, 0.000168, 0.272645, 1.91448, 
1.54304, 0.000141, 0.224563, 1.95952, 
0, 0.000185, 0.196969, 1.88113, 
0, 0.00021, 0.35445, 2.1314, 
0, 0.000179, 0.299553, 2.30882, 
0, 5e-05, 0.257649, 1.91778, 
1.86223, 4.8e-05, 0.210723, 1.91447, 
0, 0.000149, 0.261115, 2.20659, 
0, 0.000211, 0.341496, 2.09833, 
0, 0.000476, 0.521261, 2.66495, 
0, 4.6e-05, 0.311868, 2.09726, 
1.36243, 0.000162, 0.369455, 2.32227, 
0, 0.000184, 0.308927, 2.26492, 
0, 0.000127, 0.354923, 2.50967, 
0, 0.000139, 0.508144, 3.20241, 
0, 0.000186, 0.340014, 2.56265, 
1.75911, 0.00027, 0.358598, 2.39267, 
0, 0.000178, 0.338551, 2.36082, 
0, 4.9e-05, 0.362381, 2.30246, 
0, 0.000249, 0.599106, 2.87994, 
0, 0.000172, 0.332511, 4.31892, 
1.54745, 0.366343, 0.465058, 2.73746, 
0, 0.000221, 0.617756, 3.65415, 
0, 0.000271, 0.386531, 2.83723, 
0, 4.3e-05, 0.410235, 2.4188, 
0, 7.9e-05, 0.436437, 2.63687, 
1.62014, 0.000145, 0.412392, 2.72451, 
0, 0.000279, 0.421726, 3.02178, 
0, 0.000176, 0.36622, 4.04985, 
0, 0.000186, 0.507133, 4.81989, 
0, 4.9e-05, 0.322089, 3.31367, 
2.18797, 0.344063, 0.27867, 3.28261, 
0, 0.00019, 0.324426, 2.7908, 
0, 0.000126, 0.252235, 2.32742, 
0, 0.00015, 0.267842, 2.58838, 
0, 0.000198, 0.265458, 2.52163, 
2.43745, 0.000183, 0.248029, 2.35268, 
0, 0.000205, 0.255263, 2.42016, 
0, 0.000175, 0.262149, 2.63048, 
0, 5.1e-05, 0.313924, 2.65895, 
0, 0.000144, 0.264215, 2.59834, 
3.51566, 0.00014, 0.251962, 2.36669, 
0, 0.000227, 0.310076, 2.61967, 
0, 5.5e-05, 0.243236, 2.22676, 
0, 0.000149, 0.247859, 2.48796, 
0, 3.6e-05, 0.239575, 2.3358, 
2.62753, 0.000156, 0.245582, 2.2058, 
0, 0.000212, 0.278858, 2.24554, 
0, 0.000174, 0.242731, 2.50175, 
0, 0.000265, 0.298508, 2.10808, 
0, 0.000195, 0.261614, 2.31482, 
1.62411, 5.7e-05, 0.235169, 2.16308, 
0, 7.2e-05, 0.312226, 2.68361, 
0, 0.000172, 0.308201, 2.27572, 
0, 0.00056, 0.262186, 2.22397, 
0, 0.000151, 0.246337, 2.30896, 
0, 0.00014, 0.241535, 2.42751, 
1.91775, 0.000224, 0.244018, 2.1766, 
0, 0.000308, 0.321774, 2.58637, 
0, 6.7e-05, 0.226748, 2.26648, 
0, 0.000157, 0.325, 2.58614, 
1.85568, 5.5e-05, 0.254121, 2.26593, 
0, 5.5e-05, 0.239627, 2.17843, 
0, 3.7e-05, 0.291295, 3.4504, 
0, 6.9e-05, 0.270154, 2.53518, 
0, 0.00014, 0.276706, 2.38294, 
1.94988, 5.9e-05, 0.329786, 2.35312, 
0, 0.000165, 0.253935, 2.70229, 
0, 0.000278, 0.302951, 2.44445, 
0, 0.000152, 0.361064, 2.76208, 
0, 0.000207, 0.236695, 2.26627, 
1.40188, 0.000195, 0.278344, 2.39814, 
0, 6e-05, 0.248648, 2.37702, 
0, 0.000208, 0.334398, 2.75359, 
0, 0.000281, 0.604116, 2.64878, 
0, 0.000167, 0.299106, 2.48784, 
2.12112, 6.9e-05, 0.313962, 2.60356, 
0, 0.000213, 0.29352, 2.56532, 
0, 0.000152, 0.258253, 2.66107, 
0, 0.000152, 0.292596, 2.4321, 
0, 0.000131, 0.336417, 3.0031, 
1.75258, 0.000129, 0.299367, 2.57527, 
0, 0.00021, 0.279731, 2.55488, 
0, 0.000146, 0.335335, 3.12995, 
0, 0.000208, 0.325709, 2.61857, 
0, 0.000139, 0.439978, 3.4515, 
2.68995, 0.00019, 0.271193, 2.38094, 
0, 0.000181, 0.277523, 2.52259, 
0, 0.000151, 0.293853, 2.73103, 
0, 3.4e-05, 0.254332, 2.417, 
0, 0.000171, 0.2625, 2.49473, 
1.96671, 0.000129, 0.236415, 2.30279, 
0, 0.000497, 0.337012, 2.51227, 
0, 3.6e-05, 0.264763, 3.69995, 
0, 0.001059, 0.394184, 2.64307, 
0, 0.000263, 0.242923, 2.30985, 
1.35888, 9.6e-05, 0.291762, 2.32111, 
0, 0.000176, 0.498581, 2.41809, 
0, 6.2e-05, 0.300472, 2.43583, 
0, 0.001025, 0.496573, 2.78542, 
0, 0.000146, 0.246306, 2.28903, 
1.42115, 4.6e-05, 0.281415, 2.31632, 
0, 0.000335, 0.266221, 2.40452, 
0, 0.000335, 0.259092, 2.36939, 
0, 0.000358, 0.302127, 2.57731, 
0, 0.000147, 0.273773, 2.57713, 
1.501, 9.8e-05, 0.334074, 2.85591, 
0, 0.000196, 0.282556, 2.49886, 
0, 0.000469, 0.347688, 2.61583, 
0, 6.7e-05, 0.25162, 2.43545, 
0, 0.000221, 0.342735, 2.80827, 
2.36999, 5.9e-05, 0.251223, 2.24126, 
0, 0.000318, 0.259437, 2.34815, 
0, 0.000177, 0.255353, 2.46055, 
0, 0.00026, 0.297252, 2.37612, 
0, 0.000174, 0.27767, 2.47203, 
1.77556, 0.000147, 0.26239, 2.33391, 
0, 0.000364, 0.328675, 2.47208, 
0, 0.000191, 0.257864, 2.40105, 
0, 0.000192, 0.364665, 2.91935, 
0, 0.000184, 0.249601, 2.39314, 
1.69025, 6.3e-05, 0.264885, 2.50284, 
0, 0.000197, 0.336742, 2.55509, 
0, 0.000214, 0.296549, 2.72274, 
0, 0.000197, 0.312817, 2.42804, 
0, 0.00015, 0.266851, 2.72155, 
1.86524, 6.1e-05, 0.269699, 2.40374, 
0, 0.000225, 0.278729, 2.45626, 
0, 0.000153, 0.307746, 2.48452, 
0, 0.000319, 0.355123, 2.75599, 
0, 6.4e-05, 0.286702, 2.50644, 
1.52514, 5e-05, 0.295673, 2.47523, 
0, 0.000157, 0.243116, 2.49865, 
0, 6.2e-05, 0.268747, 2.52091, 
0, 0.000497, 0.407232, 2.63712, 
0, 0.000143, 0.242621, 2.38877, 
1.66804, 0.000157, 0.366863, 2.64917, 
0, 0.000313, 0.270517, 2.27823, 
0, 7.8e-05, 0.284292, 2.49908, 
0, 0.000251, 0.342938, 2.80899, 
0, 7.6e-05, 0.243793, 2.25527, 
1.31507, 6e-05, 0.371474, 2.84502, 
0, 0.00029, 0.353864, 2.95018, 
0, 0.000214, 0.257454, 2.44175, 
0, 0.000199, 0.343906, 2.78046, 
0, 0.000183, 0.311026, 2.64756, 
1.37235, 0.000147, 0.304865, 2.94389, 
0, 0.000163, 0.240133, 2.49857, 
0, 0.000194, 0.28087, 2.70185, 
0, 0.000176, 0.375365, 3.14079, 
0, 0.000375, 0.390235, 2.89674, 
1.40024, 6.8e-05, 0.272147, 2.47062, 
0, 7.8e-05, 0.261189, 2.46228, 
0, 0.000168, 0.5026, 2.8483, 
0, 0.000157, 0.288113, 2.49958, 
0, 5.8e-05, 0.331949, 2.62345, 
1.8383, 0.000107, 0.273881, 2.52503, 
0, 0.000395, 0.32651, 2.5851, 
0, 0.000253, 0.287241, 2.61335, 
0, 0.00049, 0.411511, 3.0796, 
0, 0.000274, 0.29281, 2.64942, 
0, 0.000557, 0.127078, 2.08558, 
2.55586, 0.00015, 0.288382, 2.75392, 
0, 0.000137, 0.321268, 2.65513, 
0, 0.000164, 0.347479, 2.67835, 
0, 0.000137, 0.269495, 2.57183, 
1.96759, 0.000411, 0.389824, 2.68501, 
0, 0.000174, 0.261017, 2.69644, 
0, 0.000229, 0.264648, 2.80893, 
0, 0.000124, 0.296037, 2.89633, 
0, 0.000172, 0.25321, 2.46006, 
1.69937, 0.000131, 0.264079, 2.85392, 
0, 0.000241, 0.412029, 2.72952, 
0, 0.000174, 0.330027, 2.89503, 
0, 0.000337, 0.425854, 2.62508, 
0, 0.000209, 0.353563, 2.85237, 
1.64707, 0.000181, 0.236808, 2.13464, 
0, 0.000249, 0.266027, 2.29815, 
0, 0.000188, 0.317988, 2.59112, 
0, 0.000192, 0.357889, 2.36965, 
0, 0.000126, 0.237369, 2.32211, 
2.22834, 0.000152, 0.241565, 2.37485, 
0, 9.2e-05, 0.264541, 2.81257, 
0, 0.000318, 0.328081, 2.62224, 
0, 0.000359, 0.399543, 2.76316, 
0, 0.00013, 0.268211, 2.51207, 
2.15884, 0.00023, 0.251242, 2.15358, 
0, 0.000156, 0.252486, 2.13874, 
0, 3.5e-05, 0.257142, 2.29169, 
0, 0.000144, 0.239509, 2.08116, 
0, 0.000159, 0.221292, 2.24917, 
1.65163, 8.1e-05, 0.243414, 2.35257, 
0, 0.000143, 0.309932, 2.35376, 
0, 0.000372, 0.330346, 2.31478, 
0, 0.000191, 0.247992, 2.19055, 
0, 0.000146, 0.241026, 2.2623, 
2.15034, 0.000208, 0.238183, 2.21954, 
0, 0.00015, 0.260117, 2.23497, 
0, 4.2e-05, 0.234555, 2.03537, 
0, 0.000153, 0.245275, 2.12135, 
0, 0.000169, 0.247507, 2.15324, 
2.13121, 0.000172, 0.247752, 2.18776, 
0, 5.4e-05, 0.242103, 2.19321, 
0, 0.000155, 0.224297, 2.05948, 
0, 0.000149, 0.231166, 2.10366, 
0, 0.000147, 0.236935, 2.12931, 
1.85774, 0.000179, 0.254669, 2.43344, 
0, 6.1e-05, 0.231526, 2.15909, 
0, 0.000174, 0.330184, 2.30819, 
0, 0.000247, 0.267303, 2.15292, 
0, 0.000137, 0.226638, 2.12161, 
1.35317, 0.000149, 0.257796, 2.35576, 
0, 6.7e-05, 0.251902, 2.35659, 
0, 0.000275, 0.27787, 2.27375, 
0, 0.000148, 0.284053, 2.3755, 
0, 0.000215, 0.316431, 2.89132, 
1.78033, 7e-05, 0.225718, 2.13723, 
0, 0.000178, 0.255683, 2.19329, 
0, 0.000393, 0.242614, 2.20851, 
0, 0.000198, 0.321268, 2.99526, 
0, 6.2e-05, 0.253942, 2.35961, 
1.20649, 0.000126, 0.234507, 2.2649, 
0, 2.8e-05, 0.276147, 2.20243, 
0, 0.000203, 0.263348, 2.3977, 
0, 3.2e-05, 0.237652, 2.21466, 
0, 0.000217, 0.252719, 2.19309, 
1.18164, 0.000131, 0.245799, 2.16488, 
0, 6.4e-05, 0.209266, 2.02111, 
0, 5.6e-05, 0.225516, 2.10084, 
0, 0.000127, 0.228035, 2.03024, 
0, 0.000148, 0.224941, 2.01814, 
1.16118, 0.000137, 0.241311, 2.14024, 
0, 9.1e-05, 0.306428, 2.44657, 
0, 4.1e-05, 0.341832, 2.58483, 
0, 6e-05, 0.218879, 2.11453, 
0, 0.000128, 0.275787, 2.28973, 
1.19285, 0.000152, 0.235021, 2.06215, 
0, 6.6e-05, 0.228791, 1.94492, 
0, 5.2e-05, 0.247215, 2.02621, 
0, 6.1e-05, 0.23266, 2.12018, 
0, 0.000177, 0.217546, 1.9952, 
1.20159, 0.00021, 0.228436, 2.17946, 
0, 6.2e-05, 0.249805, 2.15285, 
0, 7.9e-05, 0.237026, 2.17758, 
0, 0.000168, 0.21811, 2.02901, 
0, 4.6e-05, 0.250846, 2.2136, 
1.54982, 0.00014, 0.283304, 2.34396, 
0, 0.00015, 0.266333, 2.35255, 
0, 0.000321, 0.319514, 2.34564, 
0, 0.000209, 0.262831, 2.35486, 
0, 0.000112, 0.270549, 2.33578, 
1.244, 0.000103, 0.255034, 2.57747, 
0, 6.8e-05, 0.304828, 2.40318, 
0, 0.000154, 0.282932, 2.46797, 
0, 0.000124, 0.243682, 2.16821, 
0, 0.000176, 0.249404, 2.263, 
1.17718, 0.000198, 0.342717, 2.4415, 
0, 0.000201, 0.256295, 2.30422, 
0, 5.4e-05, 0.251282, 2.04328, 
0, 5e-05, 0.214368, 1.97678, 
0, 5.6e-05, 0.206666, 1.9865, 
1.30722, 0.000149, 0.219129, 2.17922, 
0, 0.000152, 0.221905, 2.28415, 
0, 0.000267, 0.332859, 2.43051, 
0, 4.3e-05, 0.217836, 2.05575, 
0, 4.9e-05, 0.212265, 2.26136, 
1.78704, 5.9e-05, 0.217761, 2.03373, 
0, 4.2e-05, 0.213959, 2.05442, 
0, 3.4e-05, 0.231094, 2.09759, 
0, 0.000131, 0.218952, 2.04269, 
0, 0.000209, 0.219449, 2.17944, 
1.20539, 0.000246, 0.233555, 2.10263, 
0, 3.8e-05, 0.232701, 2.26321, 
0, 0.000131, 0.231637, 2.21682, 
0, 8.5e-05, 0.230302, 2.20794, 
0, 0.000173, 0.232594, 2.19921, 
1.32126, 0.000156, 0.249324, 2.37649, 
0, 3.6e-05, 0.227608, 2.49701, 
0, 5.8e-05, 0.242252, 2.13042, 
0, 4.7e-05, 0.237804, 2.29158, 
0, 3.4e-05, 0.231017, 2.26796, 
1.449, 0.000205, 0.298327, 2.5328, 
0, 6.4e-05, 0.382219, 3.1489, 
0, 7.6e-05, 0.30355, 2.5874, 
0, 0.000143, 0.245705, 2.44648, 
0, 8.1e-05, 0.268236, 2.48306, 
1.24478, 6.9e-05, 0.28466, 2.64581, 
0, 0.000213, 0.262918, 2.51964, 
0, 7.4e-05, 0.323369, 2.64802, 
0, 5.9e-05, 0.255151, 2.44638, 
0, 0.0004, 0.409067, 2.79759, 
1.17973, 0.000151, 0.29209, 2.71233, 
0, 0.000164, 0.264873, 2.52722, 
0, 0.000153, 0.261115, 2.39548, 
0, 0.000151, 0.245779, 2.31949, 
0, 0.000146, 0.245523, 2.3485, 
2.22401, 0.000179, 0.338277, 2.35741, 
0, 5.5e-05, 0.244382, 2.18509, 
0, 0.000128, 0.24789, 2.3185, 
0, 0.000241, 0.239679, 2.28199, 
0, 6.2e-05, 0.251244, 2.36739, 
1.17492, 8.4e-05, 0.307261, 2.42235, 
0, 7.3e-05, 0.270118, 2.45126, 
0, 0.000229, 0.239556, 2.2624, 
0, 0.000161, 0.246213, 2.2744, 
0, 5.5e-05, 0.429346, 3.79184, 
0, 0.000181, 0.241905, 2.34583, 
1.18898, 0.00014, 0.240835, 2.29573, 
0, 0.000206, 0.259811, 2.3592, 
0, 0.000178, 0.254739, 2.44291, 
0, 4.3e-05, 0.255832, 2.37046, 
1.21254, 0.000166, 0.272327, 2.357, 
0, 0.00017, 0.245452, 2.27133, 
0, 6e-05, 0.226978, 2.21139, 
0, 0.000132, 0.256008, 2.7054, 
0, 4e-05, 0.356837, 2.5939, 
1.40812, 0.000143, 0.2434, 2.41751, 
0, 0.000189, 0.286796, 2.26435, 
0, 0.000171, 0.280678, 2.55114, 
0, 6.7e-05, 0.245569, 2.0768, 
0, 5.4e-05, 0.229282, 2.22892, 
1.21717, 0.000169, 0.26734, 2.39542, 
0, 9.2e-05, 0.259588, 2.35144, 
0, 0.000132, 0.231897, 2.12589, 
0, 0.000184, 0.269196, 2.23786, 
0, 0.000126, 0.229156, 2.17979, 
1.14505, 0.000173, 0.236086, 2.25714, 
0, 0.000142, 0.224774, 2.18365, 
0, 0.000405, 0.333147, 2.40655, 
0, 0.000136, 0.249885, 2.08413, 
0, 0.00022, 0.23032, 2.23867, 
0, 0.000148, 0.23411, 2.85669, 
2.08239, 0.000132, 0.270737, 2.27584, 
0, 3.6e-05, 0.302373, 2.43714, 
0, 3.5e-05, 0.228351, 2.08587, 
0, 0.000191, 0.230812, 2.15339, 
1.02762, 0.00015, 0.25223, 2.50077, 
0, 0.000224, 0.300471, 2.71549, 
0, 0.000198, 0.301839, 2.15868, 
0, 0.000162, 0.230946, 2.13849, 
0, 0.000226, 0.273287, 2.23074, 
0, 0.000227, 0.233612, 2.32846, 
1.15619, 0.000145, 0.23135, 2.30929, 
0, 0.000276, 0.32164, 2.44041, 
0, 0.00016, 0.274576, 2.34993, 
0, 0.000177, 0.233787, 2.39324, 
1.0314, 0.000163, 0.257772, 2.33915, 
0, 0.000122, 0.246405, 2.33558, 
0, 0.000232, 0.294429, 2.53871, 
0, 0.000144, 0.247858, 2.18137, 
0, 0.000218, 0.234105, 2.32936, 
1.14171, 0.00013, 0.270075, 2.48759, 
0, 7.1e-05, 0.260354, 2.48119, 
0, 6.3e-05, 0.29256, 2.72155, 
0, 4.4e-05, 0.25923, 2.47668, 
0, 0.000166, 0.237258, 2.35505, 
1.13929, 0.000259, 0.236188, 2.18397, 
0, 0.000454, 0.356475, 3.50081, 
0, 0.000183, 0.296307, 2.32608, 
0, 0.000175, 0.302103, 2.27872, 
0, 0.00016, 0.246328, 2.20282, 
1.05537, 0.000182, 0.253585, 2.30771, 
0, 5.3e-05, 0.232122, 2.27664, 
0, 0.000161, 0.228882, 2.14952, 
0, 0.000149, 0.256993, 2.19127, 
0, 0.000123, 0.250524, 2.25221, 
0.962582, 0.000169, 0.210202, 2.16493, 
0, 0.000243, 0.261044, 2.23708, 
0, 0.000159, 0.270236, 2.35974, 
0, 0.000196, 0.231106, 2.19781, 
0, 3.4e-05, 0.259193, 2.24295, 
1.14403, 0.00014, 0.275113, 2.19893, 
0, 5.5e-05, 0.239781, 2.28691, 
0, 4.9e-05, 0.295465, 2.21503, 
0, 4.7e-05, 0.214611, 2.27453, 
0, 0.000156, 0.285139, 2.46474, 
1.14736, 5.7e-05, 0.264308, 2.42174, 
0, 0.000156, 0.252317, 2.26415, 
0, 6.4e-05, 0.230144, 2.28328, 
0, 4.1e-05, 0.231764, 2.40853, 
1.14552, 0.00024, 0.237117, 2.40001, 
0, 0.000137, 0.235944, 2.28397, 
0, 3.3e-05, 0.227825, 2.23124, 
0, 0.000138, 0.333958, 2.2655, 
0, 0.000156, 0.269725, 2.73651, 
0, 0.000143, 0.25256, 2.38291, 
1.46017, 0.000153, 0.25037, 2.46474, 
0, 0.000177, 0.258274, 2.37209, 
0, 5.6e-05, 0.263856, 2.42741, 
0, 5.9e-05, 0.272592, 2.41176, 
0, 0.000164, 0.232724, 2.31915, 
1.42118, 5.5e-05, 0.243143, 2.25734, 
0, 0.000143, 0.267316, 2.53597, 
0, 0.000139, 0.271002, 2.38808, 
0, 0.000119, 0.269834, 2.53187, 
0, 0.00015, 0.255385, 2.36429, 
1.95188, 0.00023, 0.263979, 2.50855, 
0, 5.2e-05, 0.265137, 2.39244, 
0, 0.000236, 0.282564, 2.64002, 
0, 6.7e-05, 0.345844, 2.56133, 
0, 0.000192, 0.497331, 2.52696, 
2.11177, 0.000162, 0.277395, 2.27318, 
0, 0.000149, 0.24312, 2.26836, 
0, 3.5e-05, 0.395122, 2.33574, 
0, 0.000149, 0.270187, 2.45677, 
0, 0.0002, 0.407837, 2.4595, 
1.33587, 0.000141, 0.273649, 2.31737, 
0, 0.000147, 0.230215, 2.43559, 
0, 0.000292, 0.327893, 2.55925, 
0, 0.000146, 0.244054, 2.39232, 
0, 5.4e-05, 0.263396, 2.34295, 
1.45257, 0.000174, 0.32339, 2.38461, 
0, 5.9e-05, 0.226517, 2.32247, 
0, 0.00023, 0.332066, 2.56882, 
0, 0.000193, 0.257073, 2.38117, 
0, 6.4e-05, 0.245216, 2.29931, 
1.53435, 0.000134, 0.245922, 2.42013, 
0, 0.000148, 0.271454, 2.45736, 
0, 5.7e-05, 0.246809, 2.71487, 
0, 5.6e-05, 0.24507, 2.32928, 
1.2517, 6e-05, 0.266662, 2.66114, 
0, 0.000159, 0.262205, 2.41884, 
0, 6.7e-05, 0.25934, 2.37654, 
0, 5e-05, 0.295523, 2.90301, 
0, 0.000143, 0.252398, 2.41504, 
0, 0.000129, 0.270051, 2.53991, 
1.14523, 0.000164, 0.289187, 2.44544, 
0, 0.000147, 0.235303, 2.20201, 
0, 0.000122, 0.232718, 2.21229, 
0, 4e-05, 0.241592, 2.28905, 
0, 0.000215, 0.236716, 2.26068, 
1.82335, 0.000173, 0.263772, 2.35756, 
0, 0.000177, 0.250959, 2.3974, 
0, 0.00015, 0.324099, 3.0993, 
0, 0.000162, 0.246502, 2.60684, 
0, 0.000268, 0.317256, 2.78811, 
1.14481, 0.000201, 0.24459, 2.72459, 
0, 0.000143, 0.276471, 2.25337, 
0, 0.000145, 0.257356, 2.87763, 
0, 0.000169, 0.321354, 2.50816, 
0, 0.000225, 0.283869, 2.54205, 
1.39479, 5.2e-05, 0.254095, 2.43709, 
0, 0.000155, 0.261879, 2.44332, 
0, 0.000338, 0.310791, 2.58483, 
0, 0.000243, 0.347929, 2.42519, 
0, 0.000262, 0.311371, 2.63583, 
1.27626, 5.9e-05, 0.241902, 2.76787, 
0, 0.000167, 0.281629, 2.4791, 
0, 7.1e-05, 0.25911, 2.29871, 
0, 0.000224, 0.53825, 5.86927, 
0, 0.000199, 0.548269, 3.72155, 
1.30735, 6.3e-05, 0.267586, 2.42701, 
0, 4.8e-05, 0.301956, 2.44359, 
0, 0.000238, 0.243138, 2.30471, 
0, 0.000128, 0.31402, 2.31666, 
0, 0.000228, 0.277213, 2.48398, 
1.3177, 0.000199, 0.390676, 2.87047, 
0, 0.000205, 0.258187, 2.59312, 
0, 0.000221, 0.263004, 2.31895, 
0, 0.000183, 0.255533, 2.38657, 
0, 0.00021, 0.34328, 2.77576, 
1.05334, 0.000237, 0.239173, 2.26883, 
0, 0.000292, 0.277327, 2.26907, 
0, 0.000188, 0.241598, 3.31066, 
0, 0.00016, 0.286725, 2.68741, 
0, 0.000149, 0.255316, 2.33645, 
1.45029, 6.2e-05, 0.321636, 2.78322, 
0, 8.6e-05, 0.324297, 2.57676, 
0, 0.000217, 0.258274, 2.41071, 
0, 0.000139, 0.271833, 2.53184, 
0, 0.000273, 0.327488, 3.09884, 
1.54392, 0.000115, 0.271442, 2.70893, 
0, 0.000147, 0.238154, 2.30455, 
0, 0.000155, 0.239319, 2.25182, 
0, 0.000122, 0.263876, 2.33418, 
0, 0.000211, 0.39819, 3.3656, 
1.30782, 0.000208, 0.262071, 2.45684, 
0, 7.5e-05, 0.246688, 2.27448, 
0, 0.000138, 0.224961, 2.32424, 
0, 0.000153, 0.262763, 2.29977, 
0, 9e-05, 0.415388, 2.30468, 
1.26936, 0.000143, 0.258086, 2.40175, 
0, 6.1e-05, 0.233482, 2.55893, 
0, 0.000192, 0.256064, 2.21284, 
0, 0.000153, 0.292017, 2.42147, 
0, 0.000125, 0.243638, 2.26349, 
1.19334, 4.3e-05, 0.258802, 2.14003, 
0, 5e-05, 0.23914, 2.3196, 
0, 0.000235, 0.245326, 2.72254, 
0, 5.4e-05, 0.272288, 2.37115, 
0, 0.00013, 0.284241, 2.43595, 
1.70139, 0.000162, 0.253474, 2.22592, 
0, 0.00015, 0.247441, 2.17496, 
0, 0.000148, 0.239911, 3.18873, 
0, 0.000145, 0.238998, 2.34167, 
0, 0.000148, 0.282663, 2.46126, 
1.74476, 0.000142, 0.229134, 2.3045, 
0, 0.000147, 0.24867, 2.21772, 
0, 3.3e-05, 0.240023, 2.22991, 
0, 0.000211, 0.243668, 2.14074, 
0, 0.000179, 0.23975, 2.29522, 
2.04368, 0.000168, 0.072606, 0.999308, 
0, 3.9e-05, 0.263733, 2.37588, 
0, 3.7e-05, 0.218198, 2.0878, 
0, 0.000157, 0.253442, 2.40564, 
0, 0.000209, 0.23133, 2.18303, 
1.33189, 3.5e-05, 0.224879, 2.25541, 
0, 0.000153, 0.283261, 2.27572, 
0, 6.9e-05, 0.28619, 2.57985, 
0, 0.000166, 0.226636, 2.16948, 
0, 0.000188, 0.25673, 2.35034, 
1.28945, 4.7e-05, 0.23057, 2.11152, 
0, 0.000149, 0.243198, 2.34057, 
0, 5.8e-05, 0.223313, 2.02032, 
0, 0.000251, 0.240703, 2.15995, 
0, 0.000168, 0.236817, 2.38433, 
1.37104, 6.7e-05, 0.305839, 2.3715, 
0, 3.4e-05, 0.241356, 2.33882, 
0, 0.00014, 0.247836, 2.27452, 
0, 0.00022, 0.274623, 2.41982, 
1.31075, 0.000142, 0.259053, 2.41556, 
0, 0.00014, 0.218745, 2.14953, 
0, 0.000157, 0.23464, 2.18574, 
0, 0.000166, 0.255674, 2.44074, 
0, 6.5e-05, 0.323291, 2.73647, 
0, 0.000218, 0.267222, 2.19724, 
1.10858, 0.000234, 0.247726, 2.38673, 
0, 0.000147, 0.242329, 2.42352, 
0, 0.00013, 0.265172, 2.21827, 
0, 0.000114, 0.22162, 2.12652, 
0, 0.000159, 0.226655, 2.22675, 
1.74839, 0.000163, 0.228762, 2.21353, 
0, 0.000187, 0.423135, 3.97582, 
0, 0.000139, 0.23149, 2.16612, 
0, 0.001192, 0.431022, 2.71871, 
0, 0.00015, 0.237437, 2.20967, 
1.07508, 0.000266, 0.356767, 2.5119, 
0, 0.000268, 0.280076, 2.28422, 
0, 0.000193, 0.340084, 2.4732, 
0, 0.000152, 0.234027, 2.23138, 
0, 0.000322, 0.251451, 2.44265, 
1.08962, 6.4e-05, 0.22676, 2.23479, 
0, 5e-05, 0.261885, 2.29487, 
0, 0.000189, 0.239126, 2.27058, 
0, 0.000414, 0.329759, 2.52746, 
0, 0.000146, 0.241926, 2.33526, 
1.23844, 0.000182, 0.238226, 2.42615, 
0, 3.8e-05, 0.256116, 2.37635, 
0, 0.000171, 0.319482, 2.70547, 
0, 0.000183, 0.251295, 2.23459, 
0, 3.4e-05, 0.247077, 2.31668, 
1.25692, 0.00016, 0.329572, 2.41504, 
0, 0.000148, 0.242891, 2.2691, 
0, 6.2e-05, 0.251823, 2.37575, 
0, 0.000207, 0.307711, 2.88756, 
0, 0.000189, 0.253413, 2.25167, 
1.16508, 0.000139, 0.234174, 2.33731, 
0, 0.000165, 0.287133, 2.35821, 
0, 0.000146, 0.321041, 2.42825, 
0, 0.000177, 0.239022, 2.1248, 
0, 0.000141, 0.23932, 2.34669, 
1.05261, 0.000169, 0.247012, 2.24911, 
0, 0.000153, 0.29589, 2.39648, 
0, 4.2e-05, 0.297297, 2.67553, 
0, 0.000124, 0.300028, 2.68853, 
0, 0.000119, 0.250124, 2.21693, 
1.44314, 0.0002, 0.231617, 2.21933, 
0, 3.2e-05, 0.257358, 2.164, 
0, 0.000127, 0.253725, 2.50977, 
0, 0.000261, 0.270694, 2.2602, 
0, 4.8e-05, 0.236506, 2.26031, 
0, 0.000128, 0.268351, 2.36046, 
1.21466, 0.000153, 0.23933, 2.24485, 
0, 0.000223, 0.252148, 2.25931, 
0, 0.000138, 0.270907, 2.15577, 
0, 0.000132, 0.220336, 2.32202, 
1.45194, 0.000139, 0.237937, 2.40133, 
0, 5.8e-05, 0.229156, 2.47427, 
0, 0.000221, 0.812101, 2.23301, 
0, 3.4e-05, 0.233389, 2.08916, 
0, 0.000151, 0.2239, 2.19526, 
1.37539, 6e-05, 0.793329, 2.64094, 
0, 0.000231, 0.315488, 2.43716, 
0, 3.5e-05, 0.227874, 2.20348, 
0, 0.00016, 0.223496, 2.12785, 
0, 0.000145, 0.231752, 2.18371, 
1.80335, 0.00014, 0.233626, 2.50803, 
0, 0.000195, 0.286657, 2.30112, 
0, 0.000168, 0.258659, 2.25752, 
0, 0.000157, 0.242891, 2.51109, 
0, 0.000185, 0.229231, 2.26821, 
1.357, 8.2e-05, 0.246449, 2.25944, 
0, 5.6e-05, 0.258717, 2.36353, 
0, 0.000147, 0.23541, 2.17575, 
0, 0.000127, 0.218164, 2.26208, 
0, 0.000174, 0.510514, 2.33919, 
2.02202, 0.000159, 0.253217, 2.59127, 
0, 6.5e-05, 0.251342, 2.21843, 
0, 0.000139, 0.246942, 2.22519, 
0, 0.000181, 0.30477, 2.27748, 
0, 0.000149, 0.276477, 2.2587, 
1.25041, 0.000152, 0.301568, 2.35215, 
0, 0.000185, 0.248123, 2.32631, 
0, 0.000144, 0.308597, 2.20525, 
0, 0.000152, 0.230534, 2.25371, 
0, 0.000171, 0.243012, 2.29762, 
1.80178, 0.000208, 0.327086, 2.6371, 
0, 0.000121, 0.251157, 2.30358, 
0, 0.000171, 0.269354, 2.61834, 
0, 6.2e-05, 0.277395, 2.46523, 
0, 0.000205, 0.255994, 2.28677, 
1.4185, 0.000151, 0.284221, 2.19843, 
0, 0.000159, 0.240456, 2.26541, 
0, 5.6e-05, 0.244498, 2.50963, 
0, 0.000133, 0.304529, 2.41515, 
0, 0.000284, 0.248376, 2.42158, 
1.26368, 6.7e-05, 0.231092, 2.30686, 
0, 0.000134, 0.242477, 2.23486, 
0, 0.000168, 0.236186, 2.37235, 
0, 0.000189, 0.227687, 2.1118, 
0, 0.000169, 0.235388, 2.1979, 
1.10174, 0.000152, 0.230796, 2.11439, 
0, 0.000136, 0.235772, 2.12872, 
0, 0.00016, 0.245341, 2.25492, 
0, 0.00024, 0.250546, 2.35577, 
0, 4.7e-05, 0.2151, 2.12713, 
1.15371, 0.000215, 0.244721, 2.15115, 
0, 5.4e-05, 0.23842, 2.1209, 
0, 5.3e-05, 0.237503, 2.21069, 
0, 0.000215, 0.280992, 2.19228, 
0, 0.000139, 0.236619, 2.22169, 
2.06626, 0.000257, 0.266888, 2.39338, 
0, 0.000116, 0.222153, 2.31768, 
0, 0.000135, 0.23583, 2.32477, 
0, 0.000143, 0.247509, 2.20989, 
0, 0.000269, 0.240604, 2.26144, 
1.73492, 0.000176, 0.234192, 2.32881, 
0, 5.4e-05, 0.235778, 2.11332, 
0, 7.4e-05, 0.238762, 2.25668, 
0, 7.4e-05, 0.283545, 2.51883, 
0, 6.6e-05, 0.260892, 2.45281, 
1.14837, 6.5e-05, 0.241945, 2.17824, 
0, 0.000146, 0.253169, 2.2521, 
0, 0.000191, 0.262872, 2.37848, 
0, 3.5e-05, 0.246773, 2.24223, 
0, 0.000137, 0.256938, 2.26801, 
1.23274, 6.1e-05, 0.222141, 2.26594, 
0, 3.9e-05, 0.239831, 2.44296, 
0, 3.4e-05, 0.238811, 2.41007, 
0, 6.3e-05, 0.222074, 2.16512, 
0, 0.00013, 0.22639, 2.27161, 
1.57242, 0.00028, 0.243475, 2.24409, 
0, 6.3e-05, 0.258455, 2.36778, 
0, 0.000147, 0.22557, 2.1861, 
0, 0.000152, 0.25422, 2.19491, 
0, 0.000153, 0.259467, 2.35089, 
1.28025, 0.000191, 0.288959, 2.24331, 
0, 0.000156, 0.221485, 2.15968, 
0, 5.4e-05, 0.230561, 2.22743, 
0, 0.000337, 0.260833, 2.324, 
0, 0.000194, 0.234136, 2.2698, 
1.83001, 5.7e-05, 0.244274, 2.22482, 
0, 5.3e-05, 0.231938, 2.05903, 
0, 5.7e-05, 0.216149, 2.33964, 
0, 0.000157, 0.207718, 1.98663, 
0, 0.00016, 0.260324, 2.14832, 
1.42169, 0.000166, 0.24066, 2.33031, 
0, 0.000145, 0.210347, 2.07098, 
0, 0.000175, 0.234514, 1.93607, 
0, 0.000131, 0.217233, 2.08621, 
0, 0.000138, 0.222744, 2.16196, 
1.94179, 0.000138, 0.228787, 2.03224, 
0, 0.000166, 0.227413, 2.10875, 
0, 0.000179, 0.216023, 2.05395, 
0, 0.000148, 0.257881, 2.1145, 
0, 0.000174, 0.229453, 2.1165, 
1.07553, 0.000114, 0.236473, 2.13108, 
0, 0.000194, 0.24033, 2.18576, 
0, 5.5e-05, 0.22718, 2.19913, 
0, 0.000339, 0.287249, 2.30228, 
0, 0.000215, 0.264395, 2.41069, 
1.93636, 5.2e-05, 0.221863, 3.12913, 
0, 5.4e-05, 0.219111, 2.21232, 
0, 0.000153, 0.315971, 2.24025, 
0, 0.000137, 0.222206, 2.14724, 
0, 0.000184, 0.222094, 2.20714, 
1.23555, 0.000151, 0.235691, 2.12994, 
0, 0.000188, 0.329328, 2.44467, 
0, 3.4e-05, 0.2229, 2.10473, 
0, 0.000204, 0.217243, 2.11918, 
0, 0.000147, 0.255172, 2.38518, 
1.37964, 0.000272, 0.339781, 3.62858, 
0, 0.000132, 0.246935, 2.25663, 
0, 0.000149, 0.218441, 2.24611, 
0, 0.000169, 0.267582, 2.58947, 
0, 0.000189, 0.263235, 2.57793, 
1.2163, 0.000306, 0.246187, 2.33803, 
0, 0.000219, 0.251784, 2.16903, 
0, 0.000163, 0.24399, 2.18551, 
0, 5.4e-05, 0.235156, 2.08435, 
0, 0.000125, 0.251093, 2.26091, 
1.35787, 0.000259, 0.250847, 2.176, 
0, 5.5e-05, 0.217854, 2.10734, 
0, 0.000127, 0.234225, 2.03253, 
0, 0.000161, 0.255443, 2.24143, 
0, 0.00015, 0.230614, 2.15305, 
1.45791, 3.4e-05, 0.226779, 2.14849, 
0, 6.7e-05, 0.243268, 2.3122, 
0, 0.000181, 0.542852, 2.65975, 
0, 4.2e-05, 0.251193, 2.45108, 
0, 0.000191, 0.264514, 2.2702, 
1.9549, 0.000161, 0.460491, 2.17461, 
0, 0.000214, 0.504143, 2.22039, 
0, 5.6e-05, 0.237249, 2.19542, 
0, 0.00019, 0.267231, 2.25887, 
0, 0.00014, 0.481899, 2.36995, 
1.71605, 5e-05, 0.444958, 3.09829, 
0, 0.000173, 0.272003, 2.2672, 
0, 6.5e-05, 0.25179, 2.51703, 
0, 0.000136, 0.302677, 2.3502, 
0, 0.000186, 0.299495, 2.52312, 
1.59487, 0.000234, 0.328003, 2.47628, 
0, 0.000279, 0.270116, 2.44616, 
0, 0.000178, 0.295914, 2.36226, 
0, 6.6e-05, 0.310224, 2.46463, 
0, 0.000201, 0.239712, 2.24178, 
1.79523, 3.5e-05, 0.518727, 2.36303, 
0, 0.00019, 0.24413, 2.24134, 
0, 0.000141, 0.270254, 2.47505, 
0, 5.9e-05, 0.609109, 2.35543, 
0, 0.000198, 0.269716, 2.39659, 
1.97188, 0.000172, 0.312896, 2.72187, 
0, 0.000189, 0.277213, 2.3106, 
0, 0.000154, 0.521965, 2.42247, 
0, 0.000861, 0.889887, 2.70081, 
0, 0.000169, 0.479882, 2.39774, 
1.58755, 0.000125, 0.449935, 2.48167, 
0, 6.6e-05, 0.25484, 2.48661, 
0, 0.000385, 0.275548, 2.48962, 
0, 0.000169, 0.29466, 2.36277, 
0, 0.000208, 0.990137, 2.97078, 
1.19698, 0.000146, 0.26618, 2.58028, 
0, 0.000259, 0.550413, 2.80311, 
0, 0.000189, 0.559116, 2.35346, 
0, 0.000172, 0.607947, 2.64097, 
0, 0.000162, 0.245851, 7.61302, 
1.44079, 5e-05, 0.260531, 2.93622, 
0, 0.000201, 0.310428, 2.48074, 
0, 5.9e-05, 0.238886, 2.46886, 
0, 0.000246, 0.304587, 2.83154, 
0, 0.000182, 0.407813, 2.50056, 
2.78791, 0.000163, 0.323437, 2.63703, 
0, 6e-05, 0.258588, 2.42143, 
0, 0.000298, 0.257617, 2.42091, 
0, 0.000181, 0.337302, 2.83565, 
0, 0.000165, 0.27886, 2.88074, 
1.64887, 6.4e-05, 0.255713, 2.42093, 
0, 5.4e-05, 0.240986, 2.48312, 
0, 0.000241, 0.299602, 2.39349, 
0, 0.000151, 0.332204, 2.49097, 
0, 0.00015, 0.264568, 2.53952, 
2.15987, 0.000244, 0.307579, 2.79267, 
0, 0.000239, 0.288755, 2.35769, 
0, 0.000549, 0.285331, 2.38834, 
0, 5.9e-05, 0.27045, 2.25447, 
0, 0.000154, 0.24857, 2.39655, 
1.26907, 7.7e-05, 0.229047, 2.06963, 
0, 5.7e-05, 0.265191, 2.16015, 
0, 5.5e-05, 0.210393, 2.01184, 
0, 3.6e-05, 0.213594, 2.03887, 
0, 0.000183, 0.234174, 2.22186, 
1.13659, 7.8e-05, 0.219911, 2.188, 
0, 5.8e-05, 0.240643, 2.20552, 
0, 5.4e-05, 0.236414, 1.97912, 
0, 8.2e-05, 0.310549, 2.09201, 
0, 0.000201, 0.261934, 2.22, 
1.1547, 0.000132, 0.241195, 2.22645, 
0, 0.000234, 0.267078, 2.21951, 
0, 0.000219, 0.332898, 2.90511, 
0, 0.000156, 0.294797, 2.27235, 
0, 4.7e-05, 0.257937, 2.23927, 
2.25691, 0.000144, 0.230278, 2.15633, 
0, 0.000209, 0.345163, 2.57579, 
0, 0.000157, 0.25785, 2.49697, 
0, 3.4e-05, 0.223274, 2.37367, 
0, 0.000152, 0.230614, 2.14062, 
1.23768, 0.000291, 0.311315, 2.71737, 
0, 0.000294, 0.317632, 2.38053, 
0, 0.000381, 0.364933, 2.5931, 
0, 0.000141, 0.241831, 2.30013, 
0, 0.000592, 0.307263, 2.39432, 
1.69834, 5.8e-05, 0.351205, 2.75833, 
0, 4.7e-05, 0.281376, 2.5256, 
0, 0.000167, 0.595442, 2.55644, 
0, 0.01375, 0.280956, 2.61984, 
0, 0.000193, 0.316067, 2.50567, 
1.64175, 0.000204, 0.330402, 2.87502, 
0, 0.000169, 0.58854, 2.45947, 
0, 7.1e-05, 0.270078, 2.37762, 
0, 0.000147, 0.282383, 2.49811, 
0, 0.000149, 0.246097, 2.36426, 
1.10024, 0.000168, 0.52601, 2.37675, 
0, 6.5e-05, 0.239404, 2.50113, 
0, 0.000155, 0.250111, 2.21049, 
0, 0.000185, 0.259466, 2.38589, 
0, 0.000203, 0.295994, 2.50918, 
1.28882, 0.00032, 0.310994, 2.918, 
0, 0.000287, 0.249793, 2.54056, 
0, 0.000169, 0.240569, 2.37261, 
0, 6.7e-05, 0.368737, 2.85894, 
0, 3.6e-05, 0.247783, 2.37117, 
1.26595, 7.4e-05, 0.305277, 2.67116, 
0, 0.000164, 0.359032, 2.56465, 
0, 0.000156, 0.330956, 2.76393, 
0, 0.00012, 0.274525, 2.80094, 
0, 0.00016, 0.356256, 2.33903, 
1.50759, 0.000535, 0.3804, 2.55792, 
0, 6.1e-05, 0.275002, 2.46745, 
0, 0.000208, 0.406516, 2.63027, 
0, 0.000143, 0.263755, 2.35697, 
0, 0.000238, 0.258284, 2.54029, 
1.24336, 3.6e-05, 0.235646, 2.38992, 
0, 3.7e-05, 0.297834, 2.95544, 
0, 0.000171, 0.32106, 2.65183, 
0, 6.3e-05, 0.272228, 2.46655, 
0, 0.000125, 0.245643, 2.52171, 
2.03771, 0.00029, 0.392168, 2.98186, 
0, 0.000272, 0.270234, 2.50191, 
0, 0.000209, 0.356993, 2.54874, 
0, 0.000327, 0.397106, 2.95669, 
0, 4.3e-05, 0.287587, 2.53556, 
1.46477, 0.000191, 0.285966, 2.48043, 
0, 0.00014, 0.29481, 2.54725, 
0, 4.6e-05, 0.290844, 2.45102, 
0, 0.000205, 0.348755, 2.83189, 
0, 0.00016, 0.270603, 2.66778, 
1.35853, 0.000221, 0.395264, 2.87748, 
0, 3.8e-05, 0.327359, 2.86529, 
0, 0.000231, 0.30218, 2.65941, 
0, 0.000125, 0.304891, 2.58123, 
0, 0.000129, 0.27625, 2.51337, 
1.80631, 0.000209, 0.307611, 2.483, 
0, 0.000153, 0.271393, 2.86004, 
0, 0.000135, 0.347339, 2.70991, 
0, 0.000191, 0.305538, 2.65118, 
0, 0.000161, 0.254359, 2.83856, 
1.57683, 0.000164, 0.25478, 2.37818, 
0, 0.00024, 0.335372, 2.91592, 
0, 0.00013, 0.292925, 2.44616, 
0, 0.000322, 0.417424, 2.9049, 
0, 0.00016, 0.248753, 2.37179, 
1.86381, 0.000151, 0.232165, 2.19805, 
0, 5.2e-05, 0.250176, 2.32104, 
0, 0.000223, 0.273644, 2.27726, 
0, 0.000128, 0.226857, 2.11159, 
0, 0.000243, 0.233996, 2.21057, 
1.22982, 0.000154, 0.265843, 2.31798, 
0, 0.000183, 0.379818, 2.43787, 
0, 3.4e-05, 0.25268, 2.25822, 
0, 0.000137, 0.278185, 2.32068, 
0, 0.000161, 0.364504, 2.78838, 
1.35992, 0.000184, 0.221072, 2.31715, 
0, 5.8e-05, 0.238779, 2.10133, 
0, 0.000287, 0.297895, 2.37942, 
0, 6.1e-05, 0.253684, 2.50171, 
0, 0.000194, 0.296776, 2.29336, 
1.38406, 0.000167, 0.259549, 2.31296, 
0, 0.000204, 0.258099, 2.26134, 
0, 0.000154, 0.276871, 2.33891, 
0, 7.9e-05, 0.263576, 2.22099, 
0, 0.000183, 0.249257, 2.33768, 
1.16391, 7.7e-05, 0.279918, 2.24535, 
0, 0.000269, 0.297908, 2.22629, 
0, 0.000227, 0.237386, 2.31149, 
0, 0.000133, 0.284806, 2.19378, 
0, 0.000256, 0.300338, 2.73711, 
1.96751, 0.000158, 0.33344, 2.6019, 
0, 0.000169, 0.259571, 2.21947, 
0, 0.000182, 0.25602, 2.26525, 
0, 0.000292, 0.240636, 2.2507, 
0, 0.000208, 0.237532, 2.26158, 
1.42446, 0.000157, 0.224401, 2.88023, 
0, 0.000223, 0.234115, 2.22762, 
0, 6.3e-05, 0.267695, 2.15096, 
0, 0.000174, 0.221292, 2.10026, 
0, 0.000175, 0.227715, 2.24263, 
1.27826, 0.000139, 0.290152, 2.37102, 
0, 0.000226, 0.239156, 2.24038, 
0, 0.000373, 0.271298, 2.49234, 
0, 0.00017, 0.277502, 2.39972, 
0, 0.000243, 0.234302, 2.22018, 
1.15928, 0.000122, 0.233486, 2.28173, 
0, 0.000253, 0.280537, 2.22466, 
0, 0.000209, 0.240728, 2.1702, 
0, 0.00014, 0.237239, 2.21145, 
0, 0.00014, 0.225274, 2.21712, 
1.59676, 0.000308, 0.249648, 2.43664, 
0, 0.000179, 0.247457, 2.28572, 
0, 0.000133, 0.286688, 2.29991, 
0, 0.000165, 0.275151, 2.2906, 
0, 6e-05, 0.234289, 2.15552, 
1.25752, 0.000153, 0.231832, 2.1789, 
0, 3.6e-05, 0.238408, 2.15774, 
0, 0.00016, 0.231617, 2.16032, 
0, 0.000179, 0.238382, 2.18068, 
0, 0.000162, 0.227965, 2.22015, 
1.44821, 0.000241, 0.262701, 2.28155, 
0, 0.000198, 0.228776, 2.11725, 
0, 0.000158, 0.23899, 2.21569, 
0, 0.000154, 0.230664, 2.18876, 
0, 0.000218, 0.282405, 2.36275, 
1.23375, 0.00019, 0.227404, 2.35809, 
0, 5.9e-05, 0.229781, 2.16537, 
0, 0.000152, 0.22876, 2.07798, 
0, 0.000131, 0.24282, 2.13429, 
0, 0.000227, 0.249108, 2.18143, 
2.18122, 0.000137, 0.47422, 2.25372, 
0, 0.000179, 0.250747, 2.30058, 
0, 0.000129, 0.222592, 2.20793, 
0, 0.00026, 0.288351, 2.33248, 
0, 0.000319, 0.336187, 2.35947, 
1.30176, 7.2e-05, 0.229752, 2.26643, 
0, 4.9e-05, 0.263098, 2.20947, 
0, 5.4e-05, 0.249515, 2.51222, 
0, 6.3e-05, 0.248284, 2.16518, 
0, 0.000256, 0.235344, 2.21801, 
1.46323, 0.000177, 0.346806, 2.25229, 
0, 5.6e-05, 0.265689, 2.35397, 
0, 0.000246, 0.304952, 2.31587, 
0, 0.000232, 0.261209, 3.05682, 
0, 4.6e-05, 0.232086, 2.3221, 
1.46061, 0.00042, 0.506651, 2.62262, 
0, 4.8e-05, 0.241903, 2.37957, 
0, 0.00017, 0.287299, 2.51062, 
0, 0.000233, 0.389915, 2.81905, 
0, 0.000217, 0.262151, 2.38706, 
1.36943, 0.000148, 0.22403, 2.26256, 
0, 0.000155, 0.248086, 2.19016, 
0, 0.000254, 0.238083, 2.25312, 
0, 8e-05, 0.25691, 2.2262, 
0, 0.000293, 0.365487, 2.52227, 
1.35989, 0.000259, 0.342013, 2.76881, 
0, 6.2e-05, 0.31752, 3.03574, 
0, 0.000148, 0.285854, 2.57334, 
0, 0.000203, 0.364456, 3.14533, 
0, 0.000142, 0.339123, 2.85162, 
1.75851, 0.000212, 0.316517, 2.74943, 
0, 0.00015, 0.265606, 2.48142, 
0, 5.1e-05, 0.335504, 2.72803, 
0, 0.00016, 0.313557, 2.81336, 
0, 0.000169, 0.25103, 2.46402, 
1.40118, 0.000252, 0.325957, 2.71271, 
0, 0.000148, 0.288205, 2.59067, 
0, 0.00016, 0.226595, 2.17855, 
0, 0.000181, 0.444424, 2.43027, 
0, 0.00027, 0.283799, 2.47406, 
1.26825, 0.000246, 0.390498, 2.84908, 
0, 0.000146, 0.25463, 2.53706, 
0, 6.9e-05, 0.31853, 2.65877, 
0, 0.000137, 0.256613, 2.30444, 
0, 0.000164, 0.2425, 2.47276, 
1.03627, 9.1e-05, 0.348141, 2.36378, 
0, 0.000147, 0.229392, 2.24107, 
0, 0.000163, 0.220425, 2.15328, 
0, 6.2e-05, 0.276248, 2.09537, 
0, 3.6e-05, 0.229281, 2.24792, 
1.50838, 0.000139, 0.267321, 2.41692, 
0, 5.9e-05, 0.240853, 2.15735, 
0, 0.000151, 0.23843, 2.24529, 
0, 3.4e-05, 0.216821, 2.05663, 
0, 7.7e-05, 0.235084, 2.21681, 
1.22613, 0.000237, 0.228478, 2.19123, 
0, 0.000298, 0.313007, 2.22014, 
0, 0.000144, 0.23568, 2.19903, 
0, 4.6e-05, 0.213809, 2.14016, 
0, 8.4e-05, 0.348822, 2.79281, 
1.27678, 0.000234, 0.312821, 2.30991, 
0, 0.00025, 0.228657, 2.21197, 
0, 7.6e-05, 0.240639, 2.26869, 
0, 0.000204, 0.215751, 2.05118, 
0, 3.4e-05, 0.238281, 2.19459, 
1.65196, 5e-05, 0.30461, 2.15895, 
0, 0.000147, 0.211759, 2.31105, 
0, 0.000156, 0.223078, 2.06187, 
0, 5.8e-05, 0.221361, 2.0613, 
0, 0.00017, 0.242358, 2.22761, 
1.17807, 3.5e-05, 0.263194, 2.39008, 
0, 0.000202, 0.232861, 2.27933, 
0, 0.000116, 0.240248, 2.39526, 
0, 3.5e-05, 0.234722, 2.16591, 
0, 0.000129, 0.221674, 2.23035, 
1.14702, 0.000196, 0.252244, 2.37138, 
0, 0.000126, 0.225482, 2.25463, 
0, 0.000175, 0.315704, 2.27736, 
0, 0.000144, 0.244138, 2.28117, 
0, 0.00022, 0.282894, 2.39568, 
1.41271, 0.000153, 0.223667, 2.19596, 
0, 5.8e-05, 0.253806, 2.19418, 
0, 0.000206, 0.283882, 2.52142, 
0, 3.5e-05, 0.252199, 2.25447, 
0, 0.000216, 0.256677, 2.27596, 
1.07403, 5.7e-05, 0.229283, 2.31054, 
0, 0.000281, 0.263953, 2.49974, 
0, 7.3e-05, 0.243516, 2.25884, 
0, 0.000124, 0.23125, 2.66313, 
0, 0.000132, 0.282257, 2.67722, 
1.63792, 0.000168, 0.257014, 2.30423, 
0, 0.000163, 0.253354, 2.28358, 
0, 3.3e-05, 0.222063, 2.11712, 
0, 0.000265, 0.292601, 2.19385, 
0, 0.000158, 0.257706, 2.26243, 
1.10656, 0.000135, 0.228148, 2.08666, 
0, 0.000152, 0.225971, 2.25073, 
0, 0.00019, 0.246524, 2.2187, 
0, 0.000176, 0.254163, 2.18097, 
0, 0.000174, 0.283928, 2.34109, 
1.4624, 0.000153, 0.247374, 2.15937, 
0, 5.6e-05, 0.306886, 2.94522, 
0, 5.4e-05, 0.261336, 2.24694, 
0, 0.000182, 0.236985, 2.20014, 
0, 4.3e-05, 0.271344, 2.35246, 
1.21128, 0.000148, 0.248528, 2.73511, 
0, 0.000125, 0.252438, 2.42073, 
0, 6.3e-05, 0.273055, 2.42995, 
0, 6.6e-05, 0.264859, 2.31882, 
0, 5.8e-05, 0.24459, 2.36264, 
1.21634, 0.000204, 0.275678, 2.31838, 
0, 0.000185, 0.236031, 2.40778, 
0, 0.000142, 0.247449, 2.17102, 
0, 0.000143, 0.26321, 2.29282, 
0, 0.000286, 0.265528, 2.31493, 
1.06093, 3.4e-05, 0.25427, 2.41839, 
0, 0.000162, 0.283098, 2.63871, 
0, 0.00013, 0.291058, 2.52201, 
0, 0.000207, 0.268281, 2.40185, 
0, 0.000133, 0.266424, 2.50454, 
1.14297, 0.000284, 0.525184, 2.55643, 
0, 0.000165, 0.270967, 2.59852, 
0, 4.7e-05, 0.245281, 2.4266, 
0, 5.4e-05, 0.261383, 2.37767, 
0, 0.000188, 0.283113, 2.50775, 
1.26453, 0.000139, 0.258701, 2.48351, 
0, 0.000162, 0.267326, 2.49989, 
0, 0.000193, 0.254525, 2.39479, 
0, 4.2e-05, 0.283849, 2.50657, 
0, 0.000166, 0.277501, 3.69998, 
1.14902, 7.3e-05, 0.283612, 2.48863, 
0, 0.000161, 0.274137, 2.42997, 
0, 0.000169, 0.251296, 2.26505, 
0, 0.00022, 0.238504, 2.30464, 
0, 0.000144, 0.272083, 2.47755, 
1.17422, 0.000156, 0.235951, 2.44577, 
0, 0.000163, 0.235546, 2.34423, 
0, 0.000168, 0.224343, 2.17734, 
0, 0.000192, 0.247887, 2.23194, 
0, 0.000266, 0.326726, 2.38274, 
1.03893, 4.5e-05, 0.63763, 4.57567, 
0, 6.3e-05, 0.477905, 2.14967, 
0, 0.000125, 0.235083, 2.13782, 
0, 0.000207, 0.332989, 2.45656, 
1.01306, 7.8e-05, 0.236668, 2.2642, 
0, 7.7e-05, 0.244998, 2.39309, 
0, 0.00018, 0.412375, 2.32815, 
0, 0.000232, 0.244472, 2.19775, 
0, 0.000156, 0.713999, 3.04845, 
0, 0.000172, 0.334583, 3.33758, 
1.21166, 0.000165, 0.283631, 2.29812, 
0, 0.000125, 0.278261, 2.37893, 
0, 0.000207, 0.225693, 2.09293, 
0, 5.3e-05, 0.231303, 2.18363, 
0, 0.000174, 0.265155, 2.26086, 
1.07026, 0.000539, 0.292967, 2.50838, 
0, 0.00024, 0.308398, 2.68562, 
0, 0.000146, 0.239197, 2.11057, 
0, 4.5e-05, 0.265255, 2.33031, 
0, 0.000172, 0.235684, 2.25643, 
1.53686, 0.000179, 0.261473, 2.22764, 
0, 6.7e-05, 0.257894, 2.41673, 
0, 0.000147, 0.240603, 2.2349, 
0, 4.1e-05, 0.255528, 2.36248, 
0, 0.000172, 0.23355, 2.35574, 
1.18532, 0.000146, 0.27572, 2.85142, 
0, 0.00035, 0.26372, 2.57368, 
0, 0.000398, 0.315817, 2.58192, 
0, 0.000139, 0.263315, 2.52949, 
0, 0.00014, 0.261354, 2.59073, 
1.66588, 0.00015, 0.264472, 2.5405, 
0, 0.000214, 0.26914, 2.45885, 
0, 5.7e-05, 0.244852, 2.3266, 
0, 0.000168, 0.257709, 2.38985, 
0, 0.000172, 0.260227, 2.444, 
1.2469, 0.000165, 0.276887, 2.92147, 
0, 0.000152, 0.29543, 2.60055, 
0, 0.00031, 0.322225, 2.42082, 
0, 0.000174, 0.498192, 2.364, 
0, 5.2e-05, 0.417704, 2.73074, 
1.37969, 0.000151, 0.575258, 2.5799, 
0, 0.000133, 0.256371, 2.58623, 
0, 0.000186, 0.575605, 2.8388, 
0, 0.000188, 0.332764, 2.53408, 
0, 0.000128, 0.321164, 2.63098, 
1.39324, 3.7e-05, 0.603917, 2.66316, 
0, 0.000203, 0.919853, 2.95138, 
0, 5.3e-05, 0.244081, 2.5353, 
0, 0.000126, 0.265045, 2.60925, 
0, 6.2e-05, 0.526035, 2.52329, 
2.13976, 0.000164, 0.268018, 2.63318, 
0, 0.000149, 0.246258, 2.50339, 
0, 0.000194, 0.261105, 2.61181, 
0, 0.000219, 0.255885, 2.44983, 
0, 7.3e-05, 0.305761, 2.69355, 
2.11609, 0.000184, 0.316806, 3.28894, 
0, 0.000156, 0.540556, 2.43562, 
0, 7.1e-05, 0.247244, 2.53969, 
0, 0.000187, 0.763019, 2.91458, 
0, 0.000145, 0.261393, 2.40208, 
1.98615, 0.000155, 0.287123, 2.60851, 
0, 0.00015, 0.341936, 2.57875, 
0, 0.000119, 0.59719, 3.06201, 
0, 0.000157, 0.496813, 2.45709, 
0, 0.000142, 0.344261, 2.47787, 
1.37562, 7.2e-05, 0.257396, 2.40741, 
0, 0.000345, 0.500114, 2.80669, 
0, 0.000205, 0.59842, 2.75189, 
0, 0.000408, 0.478071, 2.90702, 
0, 0.00014, 0.269968, 2.5936, 
1.25327, 0.000204, 0.55214, 2.633, 
0, 0.000367, 0.315053, 2.50502, 
0, 0.000155, 0.297391, 2.58837, 
0, 0.00013, 0.55289, 2.54068, 
0, 5e-05, 0.31801, 2.92984, 
1.54882, 0.000115, 0.274489, 2.64421, 
0, 0.00015, 0.304898, 2.68785, 
0, 0.000192, 0.32643, 2.59501, 
0, 0.000128, 0.288442, 3.00122, 
0, 0.000212, 0.582078, 2.8535, 
1.88103, 0.000279, 0.619915, 2.45097, 
0, 5.5e-05, 0.22845, 2.33833, 
0, 5.4e-05, 0.307475, 2.42597, 
0, 6e-05, 0.247202, 2.34355, 
0, 0.000233, 0.50549, 2.45868, 
1.80533, 0.000153, 0.468053, 2.57551, 
0, 0.000199, 0.486922, 2.33603, 
0, 0.000195, 0.502265, 2.34649, 
0, 0.000156, 0.312434, 2.48561, 
0, 8.3e-05, 0.304137, 2.62208, 
1.34067, 0.000147, 0.249687, 2.20811, 
0, 0.000168, 0.250323, 2.15179, 
0, 0.000157, 0.239896, 2.22822, 
0, 0.000166, 0.238609, 2.1509, 
0, 0.000185, 0.239952, 2.11176, 
1.16809, 5.7e-05, 0.224438, 2.22856, 
0, 0.000159, 0.239682, 2.24594, 
0, 7.7e-05, 0.302624, 2.59145, 
0, 0.000197, 0.511065, 2.32464, 
0, 5.8e-05, 0.502873, 2.32632, 
1.25646, 0.000203, 0.265406, 2.26256, 
0, 0.00018, 0.511074, 2.14687, 
0, 0.000163, 0.32068, 2.72255, 
0, 0.000258, 0.375785, 2.39059, 
0, 0.000384, 0.725643, 2.60211, 
2.82994, 0.000201, 0.527313, 2.31503, 
0, 0.000168, 0.418129, 2.32565, 
0, 0.00019, 0.288206, 2.33631, 
0, 0.000137, 0.498113, 2.31712, 
0, 6.5e-05, 0.333497, 2.294, 
1.40932, 0.000126, 0.712119, 2.60713, 
0, 0.000144, 0.276952, 2.33878, 
0, 0.00022, 0.295052, 2.30552, 
0, 0.00016, 0.266415, 2.47861, 
0, 0.000165, 0.234049, 2.28572, 
1.19796, 0.000176, 0.539135, 2.57134, 
0, 4.9e-05, 0.321563, 2.39138, 
0, 0.000168, 0.288302, 2.44026, 
0, 0.000238, 0.344458, 2.5315, 
0, 0.000152, 0.283285, 2.86017, 
1.80478, 0.000181, 0.525583, 2.60968, 
0, 0.000501, 0.350002, 2.62322, 
0, 0.000196, 0.243768, 2.23212, 
0, 6.5e-05, 0.237428, 2.25873, 
0, 0.000176, 0.523922, 2.25579, 
1.18054, 0.000201, 0.242643, 2.42906, 
0, 0.000147, 0.242455, 2.33287, 
0, 0.000131, 0.263162, 2.42829, 
0, 0.000138, 0.229216, 2.19351, 
0, 0.000187, 0.373092, 2.41484, 
1.44989, 0.000161, 0.272079, 2.4546, 
0, 0.000215, 0.286997, 2.51213, 
0, 0.000127, 0.545202, 3.04487, 
0, 5.3e-05, 0.401374, 2.2409, 
0, 0.000172, 0.312383, 2.5665, 
0, 0.00016, 0.262854, 2.47913, 
1.32887, 0.000356, 0.340638, 2.5309, 
0, 3.7e-05, 0.484676, 2.72511, 
0, 0.000143, 0.264198, 2.25022, 
0, 0.000215, 0.289385, 2.48572, 
1.28117, 0.000131, 0.318289, 2.69002, 
0, 0.00014, 0.568859, 2.43799, 
0, 0.000177, 0.480174, 2.33698, 
0, 6.8e-05, 0.232423, 2.45762, 
0, 0.000345, 0.923167, 2.95402, 
1.21218, 0.000152, 0.271507, 2.36093, 
0, 5.2e-05, 0.259506, 2.36415, 
0, 0.000277, 0.390665, 2.34803, 
0, 0.000136, 0.256272, 2.3493, 
0, 0.000174, 0.52427, 2.41668, 
1.27533, 3.5e-05, 0.286158, 2.26271, 
0, 0.000126, 0.287683, 2.28811, 
0, 0.000212, 0.465915, 2.3233, 
0, 5.6e-05, 0.225905, 2.22524, 
0, 0.000176, 0.223791, 2.37246, 
1.24611, 0.000145, 0.236787, 2.18263, 
0, 0.000129, 0.269167, 2.37152, 
0, 5.9e-05, 0.233566, 2.21143, 
0, 6.3e-05, 0.241912, 2.18678, 
0, 0.000127, 0.577643, 2.23268, 
1.59167, 0.000149, 0.274812, 2.69546, 
0, 0.000196, 0.277862, 2.47204, 
0, 0.000134, 0.492205, 2.55201, 
0, 3.7e-05, 0.307892, 2.55434, 
0, 0.000331, 0.275401, 2.53393, 
2.08746, 0.000166, 0.274189, 2.52773, 
0, 0.000179, 0.29336, 2.59364, 
0, 0.000258, 0.500828, 2.75929, 
0, 0.000214, 0.332827, 2.69267, 
0, 0.000165, 0.265482, 2.55254, 
0, 0.000318, 0.291686, 3.05612, 
2.76253, 0.000181, 0.48837, 2.59339, 
0, 0.000201, 0.283166, 2.64289, 
0, 5.7e-05, 0.498794, 2.4888, 
0, 0.000162, 0.626885, 2.89653, 
2.11062, 0.000148, 0.808644, 2.37859, 
0, 0.000158, 0.242082, 2.23899, 
0, 0.000143, 0.706419, 2.37815, 
0, 0.000186, 0.231732, 2.61816, 
0, 0.000151, 0.23765, 2.23855, 
1.28954, 0.000147, 0.492035, 2.32128, 
0, 6.5e-05, 0.268475, 2.2605, 
0, 0.000145, 0.248372, 2.26816, 
0, 0.000329, 0.307261, 2.3704, 
0, 0.000161, 0.266239, 2.45301, 
1.50971, 0.000156, 0.251159, 2.2739, 
0, 4.2e-05, 0.229554, 2.19639, 
0, 0.000134, 0.281847, 2.40317, 
0, 0.165839, 0.307465, 2.8491, 
0, 0.000291, 0.626667, 2.59574, 
1.23753, 0.000145, 0.686366, 2.54298, 
0, 5.2e-05, 0.676513, 2.56261, 
0, 0.000188, 0.790098, 2.3332, 
0, 0.000178, 0.744837, 2.40282, 
0, 0.000145, 0.373677, 2.32741, 
1.25024, 0.000148, 0.599765, 2.47022, 
0, 0.000161, 0.363016, 2.47648, 
0, 0.000166, 0.603421, 2.30615, 
0, 0.000194, 0.528572, 2.22683, 
0, 0.000184, 0.389085, 2.3511, 
1.82869, 0.178399, 0.307489, 2.33613, 
0, 0.000151, 0.348129, 2.21619, 
0, 0.000122, 0.371097, 2.49313, 
0, 0.000153, 0.721791, 2.36496, 
0, 0.000253, 0.306958, 2.30048, 
1.11291, 0.210453, 0.351994, 2.31545, 
0, 0.000149, 0.71562, 2.31695, 
0, 0.000273, 0.746487, 2.31506, 
0, 5.4e-05, 0.346967, 2.40612, 
0, 0.000158, 0.405725, 2.55863, 
1.49979, 0.189964, 0.570906, 2.61703, 
0, 0.00013, 0.760273, 2.29632, 
0, 5.9e-05, 0.322229, 2.4353, 
0, 0.000234, 0.421857, 2.4384, 
0, 0.000251, 0.359849, 2.40236, 
1.25608, 0.399348, 0.936562, 2.32333, 
0, 0.000199, 0.510282, 3.04163, 
0, 5.7e-05, 0.378959, 2.22109, 
0, 7.5e-05, 0.37232, 2.33012, 
0, 6.2e-05, 0.382455, 2.37368, 
0, 0.000175, 0.445536, 2.48907, 
2.13645, 0.165459, 0.277655, 2.4274, 
0, 0.000479, 0.504566, 2.50821, 
0, 4.8e-05, 0.350986, 2.31717, 
0, 0.000247, 0.419409, 2.4596, 
2.22031, 0.326008, 0.322245, 2.42059, 
0, 5.1e-05, 0.376871, 2.49337, 
0, 6.3e-05, 0.364421, 2.24122, 
0, 0.000208, 0.381828, 2.38962, 
0, 0.000181, 0.52436, 2.6602, 
1.8863, 0.167787, 0.35062, 2.46539, 
0, 0.000172, 0.306629, 2.35058, 
0, 0.000152, 0.315803, 2.34789, 
0, 0.000146, 0.352086, 2.43919, 
0, 0.000127, 0.396177, 2.44059, 
0, 0.000259, 0.463486, 2.53198, 
1.9385, 0.249417, 0.345074, 2.48985, 
0, 0.00039, 0.612881, 2.55878, 
0, 0.000181, 0.302445, 2.59828, 
0, 0.000154, 0.736375, 2.686, 
1.17762, 0.450333, 0.507247, 2.35864, 
0, 5.8e-05, 0.325669, 2.59584, 
0, 0.000157, 0.332705, 2.32094, 
0, 0.000155, 0.33571, 2.38504, 
0, 0.000228, 0.819934, 2.54339, 
1.80453, 0.169209, 0.332838, 2.19792, 
0, 0.000203, 0.358837, 2.18189, 
0, 5.8e-05, 0.334844, 2.29784, 
0, 7.5e-05, 0.414745, 2.13378, 
0, 0.000138, 0.775784, 2.13096, 
1.47594, 0.285352, 0.25947, 2.15076, 
0, 0.00018, 0.327058, 1.91037, 
0, 0.00019, 0.32971, 2.36748, 
0, 0.00017, 0.286109, 2.08412, 
0, 4.9e-05, 0.272899, 2.12734, 
0, 0.0002, 0.283632, 2.20049, 
1.42393, 0.297216, 0.235286, 2.2566, 
0, 5.7e-05, 0.278712, 2.01298, 
0, 7.8e-05, 0.278376, 2.36497, 
0, 0.000268, 0.358283, 2.26767, 
1.16123, 0.215906, 0.340021, 2.3373, 
0, 5.8e-05, 0.268717, 2.01453, 
0, 0.00017, 0.27585, 2.19642, 
0, 6e-05, 0.250044, 2.0448, 
0, 0.000135, 0.318695, 2.3513, 
1.35568, 0.000229, 0.274957, 2.21401, 
0, 0.000158, 0.321271, 2.12973, 
0, 0.000147, 0.306944, 2.15897, 
0, 0.000282, 0.182556, 1.86854, 
0, 0.000195, 0.285776, 2.32055, 
1.24902, 0.000186, 0.372269, 2.47165, 
0, 0.000212, 0.35499, 2.53392, 
0, 3.5e-05, 0.28959, 2.13696, 
0, 0.000151, 0.277658, 2.26687, 
0, 0.000318, 0.389523, 2.44908, 
1.41823, 0.174866, 0.31611, 2.08441, 
0, 0.000158, 0.26378, 2.10965, 
0, 0.000175, 0.373339, 2.06364, 
0, 0.000205, 0.286488, 2.18096, 
0, 0.000249, 0.38041, 2.36859, 
1.14422, 5.6e-05, 0.272054, 2.17198, 
0, 6.2e-05, 0.297534, 2.13591, 
0, 0.000176, 0.305437, 2.23692, 
0, 0.000154, 0.269424, 2.31699, 
0, 5.1e-05, 0.826913, 2.5677, 
1.58325, 0.000146, 0.353765, 2.27516, 
0, 0.000205, 0.277627, 2.15538, 
0, 7.4e-05, 0.290989, 2.09198, 
0, 5.8e-05, 0.218538, 1.91939, 
0, 0.00021, 0.435471, 1.83899, 
1.22, 5.5e-05, 0.202494, 1.70416, 
0, 0.000161, 0.207276, 1.4457, 
0, 0.000249, 0.202906, 1.62334, 
0, 0.000158, 0.186314, 1.56331, 
0, 0.000133, 0.219004, 1.69118, 
1.11664, 7.7e-05, 0.189529, 1.73453, 
0, 5.7e-05, 0.394993, 2.05604, 
0, 0.000132, 0.258623, 1.7051, 
0, 0.000126, 0.301687, 1.7659, 
0, 0.000153, 0.316246, 1.80477, 
1.22945, 0.000234, 0.293574, 1.90882, 
0, 0.000168, 0.260713, 1.86799, 
0, 6.5e-05, 0.335671, 1.87277, 
0, 0.000274, 0.340518, 2.11369, 
0, 0.000265, 0.309346, 2.75448, 
1.40371, 0.000181, 0.288546, 2.05252, 
0, 6.9e-05, 0.396762, 2.04447, 
0, 0.000189, 0.395631, 2.29709, 
0, 0.000197, 0.28965, 1.91372, 
0, 0.000128, 0.262454, 1.86472, 
1.52453, 0.000216, 0.270395, 1.97686, 
0, 0.000159, 0.264348, 1.87628, 
0, 0.000188, 0.280052, 1.86787, 
0, 0.000131, 0.269523, 1.8661, 
0, 0.000181, 0.263946, 1.95124, 
1.56726, 0.000398, 0.48881, 2.99641, 
0, 0.000215, 0.281085, 2.06582, 
0, 0.00013, 0.303192, 1.98937, 
0, 0.000182, 0.316808, 2.03066, 
0, 6.3e-05, 0.330983, 2.08509, 
2.04765, 8.6e-05, 0.384365, 2.18386, 
0, 0.000206, 0.312576, 2.06285, 
0, 0.000162, 0.290244, 2.10674, 
0, 0.000135, 0.290353, 2.06577, 
0, 0.000194, 0.303775, 1.85588, 
2.12624, 6.3e-05, 0.283463, 1.82386, 
0, 0.000162, 0.278035, 1.89131, 
0, 0.000168, 0.291631, 1.98389, 
0, 0.000256, 0.294016, 1.94959, 
0, 0.000158, 0.274359, 1.73001, 
1.73515, 0.000169, 0.286888, 2.374, 
0, 0.000185, 0.329226, 3.34965, 
0, 0.00019, 0.582901, 2.45917, 
0, 0.000143, 0.256787, 1.83239, 
0, 7.2e-05, 0.302368, 2.1285, 
2.0206, 0.000206, 0.295294, 2.14824, 
0, 0.000394, 0.42372, 2.08552, 
0, 0.000155, 0.351782, 1.92229, 
0, 0.000157, 0.30263, 2.01204, 
0, 5.6e-05, 0.409006, 2.08442, 
1.21306, 0.000155, 0.279407, 1.94635, 
0, 5.8e-05, 0.330393, 1.98578, 
0, 0.000256, 0.398223, 2.20503, 
0, 0.000186, 0.355413, 2.15809, 
0, 0.000215, 0.356712, 2.67297, 
2.00762, 0.000198, 0.307393, 2.3187, 
0, 0.000283, 0.325384, 1.94, 
0, 0.000353, 0.447845, 3.27032, 
0, 0.000155, 0.271054, 1.87096, 
0, 0.000147, 0.318087, 2.11536, 
1.74939, 0.00043, 0.400865, 1.97078, 
0, 0.000345, 0.314315, 2.02646, 
0, 0.00022, 0.366465, 1.98812, 
0, 0.000199, 0.295137, 1.81694, 
0, 0.000149, 0.286212, 1.829, 
1.40762, 0.00016, 0.371927, 2.10069, 
0, 4.9e-05, 0.275049, 1.96092, 
0, 0.000259, 0.368123, 2.27186, 
0, 0.00022, 0.307493, 1.94168, 
0, 0.000143, 0.291449, 1.8496, 
1.33114, 0.000139, 0.358198, 1.93211, 
0, 0.000181, 0.288577, 1.92939, 
0, 3.4e-05, 0.269475, 1.76309, 
0, 0.000135, 0.277762, 1.86328, 
0, 0.000199, 0.304427, 1.90913, 
2.23549, 6.5e-05, 0.307121, 1.94297, 
0, 0.000133, 0.304099, 1.97229, 
0, 0.00021, 0.245293, 1.79799, 
0, 0.000158, 0.285258, 1.95051, 
0, 0.000153, 0.282389, 2.06742, 
1.91851, 0.000264, 0.303727, 2.05677, 
0, 0.000155, 0.28858, 3.16034, 
0, 0.000151, 0.300526, 1.97478, 
0, 3.5e-05, 0.265996, 1.94591, 
0, 3.7e-05, 0.50683, 2.25392, 
1.304, 0.000155, 0.250972, 2.08921, 
0, 0.000178, 0.250559, 2.2404, 
0, 0.000171, 0.257896, 2.34092, 
0, 3.7e-05, 0.219, 2.043, 
0, 0.000255, 0.296691, 2.16885, 
1.7874, 5e-05, 0.29558, 2.11044, 
0, 0.000175, 0.299666, 2.18606, 
0, 0.000262, 0.342812, 2.23756, 
0, 5.7e-05, 0.31332, 2.18766, 
0, 0.000143, 0.287177, 2.0808, 
0, 0.000345, 0.109319, 1.10157, 
0, 5e-05, 0.329602, 2.31601, 
0, 5.7e-05, 0.306101, 2.06481, 
0, 0.000143, 0.303042, 2.10302, 
0, 0.000469, 0.345837, 2.32236, 
2.32481, 0.000323, 1.07594, 2.32431, 
0, 0.000145, 0.28981, 2.56842, 
0, 0.000206, 0.547609, 2.58921, 
0, 0.000183, 0.324172, 2.05508, 
0, 0.000179, 0.289623, 2.01124, 
1.29645, 0.000174, 0.434969, 2.17827, 
0, 5.1e-05, 0.304306, 2.01243, 
0, 6.1e-05, 0.308878, 3.36122, 
0, 0.000152, 0.459506, 2.06318, 
0, 0.000139, 0.31212, 2.14857, 
1.36501, 0.164566, 0.362258, 2.4529, 
0, 5.9e-05, 0.361121, 2.45253, 
0, 0.000125, 0.325526, 2.49975, 
0, 0.000442, 0.377396, 7.10526, 
0, 0.000182, 0.310356, 4.06213, 
0, 0.000115, 0.371477, 2.42942, 
2.29816, 0.2182, 0.839109, 2.96208, 
0, 0.000104, 0.385955, 2.61279, 
0, 3.8e-05, 0.343491, 2.2491, 
0, 0.000119, 0.290713, 2.32922, 
1.23998, 0.175994, 0.290584, 2.64654, 
0, 4.4e-05, 0.298466, 4.12866, 
0, 0.00017, 0.321267, 4.7353, 
0, 3.6e-05, 0.371199, 2.47686, 
0, 0.000171, 0.495356, 2.2732, 
0, 0.000201, 0.289232, 2.2231, 
1.51208, 0.368459, 0.509245, 2.27616, 
0, 6e-05, 0.607459, 3.86197, 
0, 0.000207, 0.310532, 4.0344, 
0, 0.000379, 0.800592, 3.70508, 
0, 0.000158, 0.647498, 4.76368, 
1.45498, 0.329356, 0.399397, 4.70936, 
0, 0.000135, 0.626877, 2.18065, 
0, 0.000166, 0.301466, 2.02805, 
0, 0.000133, 0.727551, 2.10056, 
1.13399, 0.313142, 0.609637, 2.06216, 
0, 0.000154, 0.347881, 2.08382, 
0, 7.6e-05, 0.390111, 2.12074, 
0, 8.2e-05, 0.549364, 2.1657, 
0, 0.00017, 0.292455, 3.19869, 
1.18602, 0.379631, 0.636444, 4.49588, 
0, 0.00018, 0.410567, 3.33039, 
0, 0.000147, 0.652697, 4.37027, 
0, 0.000164, 0.313276, 3.09829, 
0, 0.000129, 0.697589, 3.84621, 
1.18586, 0.168935, 0.360529, 4.47372, 
0, 0.000154, 0.71162, 4.30511, 
0, 0.00021, 0.356267, 2.78184, 
0, 8.6e-05, 0.338286, 2.51645, 
0, 0.000153, 0.592601, 2.11569, 
0, 5.2e-05, 0.55471, 2.71452, 
1.33551, 0.180929, 0.269185, 4.60378, 
0, 0.000156, 0.522565, 4.00678, 
0, 0.000163, 0.308087, 2.08857, 
0, 0.000238, 0.821475, 2.16035, 
0, 6.4e-05, 0.740228, 2.77248, 
1.24289, 0.368757, 0.6894, 2.37202, 
0, 5.9e-05, 0.991374, 3.69958, 
0, 0.000156, 0.344386, 3.81571, 
0, 0.000336, 0.471265, 4.61593, 
1.34466, 4.2e-05, 0.07273, 1.07198, 
0, 0.000189, 0.369634, 3.73167, 
0, 6e-05, 0.365416, 4.73473, 
0, 0.000164, 0.339189, 3.55826, 
0, 0.000137, 0.303355, 2.45931, 
1.05723, 0.000132, 0.382059, 4.08174, 
0, 0.000179, 0.320804, 2.51764, 
0, 0.000161, 0.277336, 1.93538, 
0, 0.000199, 0.287272, 1.90503, 
0, 0.000177, 0.268091, 2.4633, 
0, 0.00018, 0.260741, 2.82775, 
1.52746, 6.5e-05, 0.301475, 3.40307, 
0, 5.6e-05, 0.239446, 2.25435, 
0, 0.000232, 0.357091, 1.91646, 
0, 0.000169, 0.267128, 2.02388, 
0, 5.1e-05, 0.270586, 2.10953, 
1.59239, 0.000212, 0.438175, 2.36673, 
0, 0.000338, 0.437345, 2.59158, 
0, 0.000181, 0.276555, 2.67697, 
0, 0.000148, 0.297094, 2.68695, 
1.23265, 0.000132, 0.286496, 4.00123, 
0, 0.000144, 0.304256, 2.2872, 
0, 0.00016, 0.371726, 3.21611, 
0, 3.7e-05, 0.295792, 4.21543, 
0, 4.8e-05, 0.387203, 1.9053, 
1.18741, 0.000145, 0.283785, 2.19014, 
0, 0.000163, 0.263659, 2.1531, 
0, 0.000149, 0.276958, 2.04712, 
0, 0.00018, 0.564475, 2.06398, 
0, 0.000179, 0.258398, 2.15249, 
0, 0.000194, 0.278997, 3.12627, 
1.10113, 0.000246, 0.345393, 3.19766, 
0, 0.000243, 0.312283, 3.89248, 
0, 0.000167, 0.262782, 3.5439, 
0, 0.000138, 0.279238, 3.44634, 
1.24519, 0.000223, 0.632043, 5.10508, 
0, 0.000257, 0.653631, 5.16503, 
0, 6.6e-05, 0.295216, 3.26883, 
0, 5.8e-05, 0.669533, 2.34523, 
0, 0.000169, 0.331881, 4.41699, 
1.38502, 0.31978, 0.708097, 2.37245, 
0, 6.4e-05, 0.375859, 2.12092, 
0, 0.000129, 0.296753, 2.11195, 
0, 0.000159, 0.59131, 2.09036, 
0, 6.1e-05, 0.387128, 2.23179, 
1.15551, 0.239161, 0.405221, 3.36187, 
0, 4.6e-05, 0.305565, 2.24868, 
0, 0.000151, 0.223599, 3.66781, 
0, 0.000174, 0.228639, 3.70707, 
0, 0.000145, 0.229535, 3.58563, 
1.30729, 0.222179, 0.352184, 2.32092, 
0, 0.000148, 0.305136, 2.13939, 
0, 0.000177, 0.305653, 2.3295, 
0, 0.000163, 0.313484, 2.44748, 
0, 0.000178, 0.304695, 2.35775, 
1.82728, 0.216664, 0.311538, 2.99083, 
0, 0.000195, 0.393772, 3.77183, 
0, 0.000185, 0.339342, 3.27732, 
0, 0.000128, 0.303636, 4.97287, 
0, 5.9e-05, 0.317864, 3.90629, 
1.44862, 0.245599, 0.389651, 4.87759, 
0, 0.000203, 0.542968, 4.90165, 
0, 5.4e-05, 0.459877, 4.93255, 
0, 7e-05, 0.535619, 5.94673, 
0, 0.000149, 0.365288, 5.25162, 
1.4925, 0.000256, 0.917581, 5.24026, 
0, 0.230021, 0.422896, 4.90969, 
0, 0.00013, 0.43027, 4.02491, 
0, 0.000203, 0.375209, 4.2592, 
0, 0.000212, 0.861429, 3.42365, 
0, 6e-05, 1.12698, 5.34066, 
1.60802, 0.18149, 0.425467, 3.11817, 
0, 0.000232, 0.76273, 3.90829, 
0, 0.000186, 0.859485, 4.50503, 
0, 0.000185, 0.445142, 3.22067, 
1.80765, 0.194744, 0.570342, 4.99074, 
0, 0.000182, 0.774584, 4.80644, 
0, 0.000196, 0.420712, 3.81902, 
0, 3.9e-05, 1.00673, 3.14982, 
0, 0.000246, 0.798455, 3.82408, 
1.3762, 0.325859, 0.8802, 4.3236, 
0, 0.000153, 0.539371, 5.09505, 
0, 0.000144, 0.465541, 5.25125, 
0, 0.000233, 0.549443, 4.09072, 
0, 0.000421, 1.16014, 5.1057, 
2.13205, 0.193056, 0.349965, 3.87212, 
0, 0.000196, 0.946879, 5.97494, 
0, 6.9e-05, 0.338503, 3.50879, 
0, 0.000185, 0.605288, 5.28487, 
0, 6.2e-05, 0.647054, 3.79594, 
1.38989, 0.213293, 0.540516, 4.95939, 
0, 0.000164, 0.43434, 6.0827, 
0, 0.00021, 0.835354, 3.88805, 
0, 0.000127, 0.814913, 3.7035, 
0, 5e-05, 0.674294, 4.63155, 
0, 0.000281, 0.461345, 4.2418, 
1.25576, 0.17065, 0.4122, 2.75759, 
0, 0.000212, 0.334276, 2.80957, 
0, 0.000258, 0.334575, 3.04499, 
0, 0.000199, 0.73388, 2.73562, 
1.84279, 0.171147, 0.391978, 3.52291, 
0, 7e-05, 0.51617, 3.23081, 
0, 0.00032, 0.636305, 4.6519, 
0, 9.3e-05, 0.487375, 3.5906, 
0, 0.000122, 0.353499, 3.51016, 
1.50236, 6e-05, 0.176504, 1.07379, 
0, 0.229608, 0.531126, 6.5966, 
0, 0.000155, 0.415391, 3.84687, 
0, 0.000268, 0.43514, 5.20747, 
0, 0.000165, 0.36753, 4.83344, 
1.2331, 0.358308, 0.592282, 3.81937, 
0, 0.000172, 0.409275, 2.3233, 
0, 0.000219, 0.666013, 2.01301, 
0, 0.000257, 0.470397, 2.7173, 
0, 0.000161, 0.316584, 1.88241, 
1.73209, 0.154209, 0.244133, 1.75335, 
0, 0.000209, 0.837916, 1.82698, 
0, 5.4e-05, 0.319029, 1.82221, 
0, 0.000138, 0.657728, 1.82699, 
0, 5.7e-05, 0.66639, 1.84668, 
1.10183, 0.520409, 0.997656, 4.00322, 
0, 0.000141, 1.15331, 4.63647, 
0, 0.000197, 0.484168, 4.60212, 
0, 0.00018, 0.592347, 4.00385, 
0, 0.000212, 0.801736, 4.68386, 
1.14798, 0.251079, 0.574079, 2.12572, 
0, 0.000168, 0.666344, 2.12301, 
0, 0.000156, 0.391231, 2.20756, 
0, 6.5e-05, 0.344138, 2.39219, 
0, 0.00015, 0.830703, 2.94028, 
1.24278, 0.142777, 0.429549, 2.3437, 
0, 0.000131, 0.747802, 2.63281, 
0, 0.000172, 0.799434, 3.03716, 
0, 7.6e-05, 0.396731, 3.15017, 
0, 0.000164, 0.34531, 2.89951, 
1.1967, 0.327291, 0.720831, 2.66701, 
0, 0.000314, 0.373242, 2.17512, 
0, 0.000222, 0.775857, 2.23903, 
0, 0.000274, 0.86251, 2.46443, 
0, 0.000283, 0.630434, 2.47771, 
1.52661, 0.305325, 0.602161, 3.39717, 
0, 0.000155, 0.492732, 1.98514, 
0, 0.000157, 0.908649, 2.20545, 
0, 0.000157, 0.318405, 2.23961, 
0, 0.000228, 0.43389, 2.70859, 
1.24087, 0.000135, 0.324285, 2.71833, 
0, 0.000281, 0.417573, 2.27735, 
0, 0.000135, 0.717449, 2.2982, 
0, 0.000213, 0.337264, 2.76508, 
0, 5.2e-05, 0.314818, 2.55358, 
1.14562, 0.283964, 0.265325, 2.18868, 
0, 5.2e-05, 0.330098, 2.51666, 
0, 0.00013, 0.314366, 2.47332, 
0, 0.00034, 0.402183, 2.25528, 
0, 8.2e-05, 0.243563, 1.77368, 
0, 0.000171, 0.240801, 1.88, 
1.1318, 5.8e-05, 0.263979, 1.81359, 
0, 3.6e-05, 0.262685, 2.20555, 
0, 0.000254, 0.329162, 2.07199, 
0, 0.000174, 0.279877, 2.12156, 
0, 0.000169, 0.265518, 2.09945, 
1.17251, 0.184745, 0.232555, 2.17339, 
0, 0.000202, 0.222124, 1.87513, 
0, 0.000227, 0.227288, 1.76114, 
0, 0.000143, 0.210824, 1.76749, 
1.26002, 0.26936, 0.216517, 2.22274, 
0, 0.000164, 0.167321, 1.579, 
0, 5.8e-05, 0.164204, 1.60035, 
0, 0.000714, 0.251617, 1.76838, 
0, 0.000224, 0.256518, 1.69415, 
1.04214, 0.304561, 0.407882, 1.9442, 
0, 0.000185, 0.261249, 1.78457, 
0, 0.000147, 0.227204, 1.78688, 
0, 0.000152, 0.300258, 1.87157, 
0, 0.000163, 0.252055, 1.8149, 
1.32946, 0.000119, 0.243174, 1.70989, 
0, 6.1e-05, 0.251141, 1.72096, 
0, 0.000356, 0.255991, 1.8693, 
0, 0.000154, 0.259529, 1.78403, 
0, 0.000162, 0.232715, 1.83419, 
1.32837, 6.6e-05, 0.263547, 2.08515, 
0, 0.000123, 0.321777, 2.0044, 
0, 0.00015, 0.265628, 1.83643, 
0, 3.5e-05, 0.247891, 1.67089, 
0, 0.000149, 0.274247, 1.78652, 
1.3124, 0.000172, 0.243371, 1.78096, 
0, 0.000265, 0.303202, 1.85074, 
0, 0.000267, 0.301025, 1.76667, 
0, 0.000149, 0.294586, 1.89842, 
0, 0.000163, 0.336552, 2.24831, 
1.34059, 0.000239, 0.627595, 2.17806, 
0, 5.2e-05, 0.391463, 2.30353, 
0, 5.3e-05, 0.440534, 2.69227, 
0, 0.000135, 0.31932, 3.40398, 
0, 3.6e-05, 0.281546, 2.13334, 
1.08665, 0.000147, 0.328911, 2.4673, 
0, 0.000149, 0.338173, 2.15446, 
0, 0.000134, 0.26856, 2.09884, 
0, 0.000195, 0.332853, 2.11171, 
0, 0.000192, 0.314786, 3.083, 
1.15661, 9.8e-05, 0.313121, 3.98168, 
0, 0.000173, 0.276407, 3.41845, 
0, 0.000173, 0.372333, 3.87537, 
0, 0.000215, 0.275672, 3.42834, 
0, 6.4e-05, 0.313467, 2.93652, 
1.04291, 0.000247, 0.343139, 3.8456, 
0, 0.000168, 0.309255, 2.09839, 
0, 0.000122, 0.292974, 3.38567, 
0, 0.000133, 0.292327, 3.87458, 
0, 0.000316, 0.30176, 3.51918, 
1.21589, 7.1e-05, 0.351503, 4.28233, 
0, 7.3e-05, 0.333892, 3.61723, 
0, 4.3e-05, 0.30316, 4.08898, 
0, 0.000136, 0.409851, 3.71497, 
0, 0.000186, 0.307213, 4.06569, 
1.20379, 0.000248, 0.36976, 4.27337, 
0, 0.000129, 0.315938, 3.77058, 
0, 0.000141, 0.278275, 3.40119, 
0, 8.1e-05, 0.302275, 3.64105, 
0, 0.000207, 0.310157, 3.88475, 
1.43071, 7.8e-05, 0.284898, 3.7732, 
0, 0.000151, 0.35802, 3.89511, 
0, 0.000157, 0.276919, 3.65786, 
0, 6.2e-05, 0.300338, 3.51572, 
0, 0.000138, 0.318879, 3.93184, 
0.999977, 0.000164, 0.331375, 3.89894, 
0, 0.000131, 0.263419, 3.75835, 
0, 0.000168, 0.260085, 3.70598, 
0, 0.000176, 0.304405, 3.60734, 
0, 0.000168, 0.316327, 4.10207, 
1.2598, 0.000128, 0.265119, 3.43158, 
0, 0.000155, 0.345219, 8.48476, 
0, 0.000128, 0.33076, 5.08598, 
0, 0.00015, 0.298968, 4.88879, 
0, 0.000209, 0.287559, 5.40809, 
1.04398, 0.000178, 0.326696, 6.47666, 
0, 4.4e-05, 0.294497, 6.14407, 
0, 9.8e-05, 0.299711, 4.80418, 
0, 0.000147, 0.270206, 5.74828, 
0, 0.000159, 0.261781, 4.92303, 
1.68348, 0.000743, 0.491438, 4.82763, 
0, 0.000282, 0.370565, 4.78586, 
0, 0.000135, 0.395254, 5.31219, 
0, 0.000156, 0.256571, 3.22561, 
0, 4.8e-05, 0.255877, 4.57199, 
1.24531, 0.000154, 0.293955, 3.1386, 
0, 0.000175, 0.266978, 3.64261, 
0, 5.3e-05, 0.248342, 2.94482, 
0, 0.00013, 0.232606, 4.58947, 
0, 0.000253, 0.266361, 5.01825, 
1.10568, 0.000289, 0.286655, 4.80287, 
0, 0.00018, 0.279729, 4.85694, 
0, 0.00017, 0.323073, 3.32965, 
0, 0.000193, 0.286519, 5.38533, 
0, 0.000148, 0.261245, 4.83676, 
1.17093, 0.000155, 0.318584, 5.35035, 
0, 0.000143, 0.704814, 3.27233, 
0, 0.000227, 0.323608, 2.23855, 
0, 0.000107, 0.323015, 3.29795, 
0, 4.9e-05, 0.338421, 2.84727, 
1.72925, 0.000153, 0.371326, 2.96646, 
0, 0.000252, 0.56906, 3.31062, 
0, 0.000151, 0.32514, 2.06672, 
0, 3.8e-05, 0.386778, 2.40808, 
0, 3.7e-05, 0.314879, 2.87866, 
1.18918, 0.000203, 0.383609, 2.47784, 
0, 4.1e-05, 0.598603, 2.28897, 
0, 0.000228, 0.68704, 2.65754, 
0, 0.000154, 0.426081, 2.10215, 
0, 7.5e-05, 0.321576, 2.06696, 
1.50985, 0.000188, 0.372405, 2.09647, 
0, 0.000187, 0.472809, 2.28726, 
0, 0.000164, 0.268273, 1.96604, 
0, 0.000186, 0.288528, 1.96914, 
0, 0.000189, 0.310266, 2.18979, 
1.48519, 0.00015, 0.205309, 1.90571, 
0, 0.000141, 0.22234, 1.86315, 
0, 0.000158, 0.202223, 1.95126, 
0, 9.2e-05, 0.199068, 1.93125, 
0, 5.8e-05, 0.203717, 1.89329, 
1.31696, 0.000125, 0.186287, 1.82363, 
0, 0.000183, 0.202514, 1.89521, 
0, 5.7e-05, 0.192603, 1.832, 
0, 4.3e-05, 0.21606, 2.15745, 
0, 0.000157, 0.298398, 1.94824, 
1.12561, 6.8e-05, 0.195811, 1.8735, 
0, 0.000164, 0.215275, 1.85097, 
0, 4.4e-05, 0.207416, 1.98451, 
0, 3.4e-05, 0.299539, 1.98713, 
0, 0.000144, 0.270015, 1.94713, 
1.37942, 0.000564, 0.357073, 2.03322, 
0, 0.000182, 0.304493, 2.00558, 
0, 0.000146, 0.299897, 1.93376, 
0, 0.000162, 0.290637, 1.8763, 
0, 0.000156, 0.268713, 1.98569, 
1.49781, 0.000194, 0.277543, 1.93778, 
0, 0.000164, 0.258939, 1.84221, 
0, 0.000159, 0.262767, 1.82886, 
0, 0.000133, 0.259308, 2.07161, 
0, 3.5e-05, 0.426464, 1.99046, 
1.71796, 6.9e-05, 0.350579, 1.97342, 
0, 0.000226, 0.281912, 1.94582, 
0, 0.000207, 0.350061, 1.96433, 
0, 0.000166, 0.281446, 1.98886, 
0, 0.000233, 0.313777, 2.09205, 
2.63767, 0.00018, 0.465857, 2.16353, 
0, 6.9e-05, 0.295786, 1.92032, 
0, 0.000156, 0.395761, 2.06292, 
0, 6.6e-05, 0.316864, 1.90294, 
0, 0.000257, 0.338038, 4.06454, 
1.36367, 0.000219, 0.262275, 4.11301, 
0, 5.9e-05, 0.244327, 2.75332, 
0, 5.7e-05, 0.251588, 2.76384, 
0, 7e-05, 0.319259, 2.40413, 
0, 0.000142, 0.248685, 2.22392, 
1.12943, 0.000149, 0.232778, 2.19084, 
0, 4.4e-05, 0.248043, 2.22028, 
0, 0.000166, 0.215446, 2.11544, 
0, 0.000145, 0.222217, 2.07196, 
0, 0.000181, 0.258261, 2.10762, 
0, 0.000147, 0.235617, 2.41581, 
1.30324, 4.5e-05, 0.234789, 2.15061, 
0, 0.000146, 0.281787, 2.30265, 
0, 0.000204, 0.49055, 2.27594, 
0, 0.000222, 0.357292, 2.29696, 
1.11095, 6.2e-05, 0.265235, 2.32416, 
0, 0.000154, 0.288538, 2.14161, 
0, 4.7e-05, 0.271819, 2.34533, 
0, 5e-05, 0.229448, 2.16802, 
0, 0.000129, 0.290313, 2.28588, 
1.82911, 3.6e-05, 0.195498, 1.79635, 
0, 5.7e-05, 0.186042, 2.46135, 
0, 0.000156, 0.43514, 1.81502, 
0, 0.000168, 0.190168, 1.83024, 
0, 0.000146, 0.220079, 1.93495, 
1.24249, 0.000145, 0.209749, 2.12237, 
0, 8.6e-05, 0.466312, 2.04497, 
0, 6.6e-05, 0.218123, 2.08262, 
0, 5.8e-05, 0.237289, 1.98101, 
0, 0.000277, 0.528994, 2.18228, 
1.1464, 0.000213, 0.287904, 2.30918, 
0, 0.000167, 0.316197, 2.61118, 
0, 0.00017, 0.483734, 2.53916, 
0, 0.000157, 0.273717, 2.53368, 
0, 6.1e-05, 0.238621, 2.28661, 
1.39645, 3.6e-05, 0.344248, 2.3781, 
0, 0.00017, 0.231038, 2.02739, 
0, 7e-05, 0.22736, 1.82623, 
0, 0.000627, 0.338267, 2.07577, 
0, 0.000124, 0.202428, 1.80218, 
1.90491, 0.000157, 0.293078, 2.44329, 
0, 5.9e-05, 0.228782, 1.92607, 
0, 6.5e-05, 0.314067, 2.25013, 
0, 0.000149, 0.225126, 2.02565, 
0, 6.7e-05, 0.267653, 2.21205, 
2.06211, 6.1e-05, 0.351224, 2.05733, 
0, 0.000161, 0.218737, 1.89632, 
0, 6.9e-05, 0.200493, 1.97327, 
0, 0.000152, 0.265657, 2.01585, 
0, 0.000176, 0.448902, 2.03751, 
1.1668, 0.000205, 0.448914, 2.02006, 
0, 0.00015, 0.514953, 2.06958, 
0, 0.000199, 0.261192, 2.0847, 
0, 6.1e-05, 0.270575, 2.16143, 
0, 0.000158, 0.533612, 2.03764, 
1.24134, 0.000189, 0.482359, 2.06371, 
0, 6.3e-05, 0.630124, 2.38034, 
0, 0.000126, 0.227079, 1.96022, 
0, 0.000182, 0.233729, 2.09344, 
0, 0.00014, 0.415962, 2.05699, 
0, 6.1e-05, 0.455136, 2.19103, 
1.33113, 0.000175, 0.256302, 2.11502, 
0, 0.000196, 0.21257, 1.99535, 
0, 4.5e-05, 0.233914, 1.9878, 
0, 0.000181, 0.225759, 1.93329, 
1.29543, 7.9e-05, 0.249962, 2.21399, 
0, 0.000192, 0.247278, 2.12174, 
0, 0.000274, 0.254779, 2.00956, 
0, 0.000143, 0.445122, 1.9322, 
0, 0.000199, 0.209279, 1.95431, 
2.22769, 5.8e-05, 0.208323, 1.94943, 
0, 0.000196, 0.217296, 1.9653, 
0, 0.00023, 0.228364, 1.94292, 
0, 8.5e-05, 0.413537, 2.0471, 
0, 0.000188, 0.213171, 1.87839, 
1.32522, 0.000134, 0.207884, 1.96906, 
0, 0.000163, 0.208765, 1.91221, 
0, 0.000171, 0.270514, 2.55802, 
0, 0.000185, 0.500054, 1.94164, 
0, 0.000215, 0.543993, 2.0956, 
1.62289, 0.000801, 0.298418, 2.12198, 
0, 6.2e-05, 0.259324, 3.72537, 
0, 5.9e-05, 0.254284, 2.07692, 
0, 0.00014, 0.223188, 2.00526, 
0, 0.000161, 0.246803, 2.07688, 
2.04098, 0.00016, 0.25082, 2.46271, 
0, 0.000223, 0.264908, 2.10285, 
0, 0.000167, 0.213588, 1.92143, 
0, 0.000142, 0.257523, 2.3848, 
0, 0.000152, 0.220642, 1.98592, 
1.71435, 0.000319, 0.236746, 2.32997, 
0, 0.000125, 0.220482, 1.99286, 
0, 0.000156, 0.226599, 2.10855, 
0, 0.00043, 0.260647, 2.02986, 
0, 0.000179, 0.235372, 1.98575, 
1.77667, 0.000348, 0.24038, 2.09099, 
0, 0.000202, 0.219387, 2.07001, 
0, 0.000162, 0.265553, 2.21531, 
0, 0.000129, 0.297626, 2.27043, 
0, 0.000148, 0.226843, 2.13668, 
1.33156, 0.000146, 0.217664, 2.08114, 
0, 0.000199, 0.236485, 2.28582, 
0, 5.4e-05, 0.235777, 2.00357, 
0, 0.00015, 0.21982, 2.0214, 
0, 5.7e-05, 0.270457, 1.89508, 
2.12802, 0.000321, 0.258959, 1.9698, 
0, 0.000161, 0.218327, 1.92746, 
0, 0.000167, 0.202506, 1.97889, 
0, 0.000218, 0.235333, 1.98645, 
0, 0.000177, 0.22472, 1.96993, 
1.42051, 4.7e-05, 0.211468, 1.91395, 
0, 0.000144, 0.212389, 1.94108, 
0, 0.000143, 0.33898, 2.14376, 
0, 0.000136, 0.206431, 2.04152, 
0, 0.000222, 0.342423, 2.74972, 
1.99569, 0.000199, 0.242006, 2.09281, 
0, 0.000222, 0.247092, 2.23732, 
0, 0.000163, 0.227334, 2.13045, 
0, 0.000143, 0.202722, 1.87109, 
0, 5.1e-05, 0.201292, 1.97545, 
0, 6.1e-05, 0.21346, 2.07575, 
2.06192, 0.000176, 0.333475, 3.07058, 
0, 4e-05, 0.231439, 2.05671, 
0, 6e-05, 0.233652, 1.98121, 
0, 0.000188, 0.213418, 1.99399, 
1.1934, 0.000149, 0.262788, 2.01014, 
0, 0.000362, 0.270668, 2.22836, 
0, 3.4e-05, 0.228977, 2.24354, 
0, 4.2e-05, 0.213864, 1.9251, 
0, 0.000149, 0.216059, 1.96237, 
1.28031, 0.000176, 0.224806, 2.08413, 
0, 0.000153, 0.266571, 2.09834, 
0, 0.000234, 0.276933, 2.0997, 
0, 5.6e-05, 0.262134, 2.10566, 
0, 0.00012, 0.210496, 2.00995, 
1.11744, 0.000186, 0.247576, 2.44393, 
0, 3.5e-05, 0.650033, 2.48995, 
0, 0.000154, 0.223035, 1.99934, 
0, 0.000148, 0.226164, 2.05622, 
0, 0.00017, 0.249986, 2.10188, 
1.27798, 0.000198, 0.23041, 2.06493, 
0, 0.000221, 0.225463, 2.04512, 
0, 4.8e-05, 0.217804, 2.09121, 
0, 0.000184, 0.307097, 2.30238, 
0, 0.000235, 0.258693, 2.06943, 
1.56734, 0.000129, 0.230499, 2.09496, 
0, 0.00024, 0.314002, 2.15335, 
0, 7.5e-05, 0.251587, 2.36225, 
0, 0.000255, 0.289019, 2.22947, 
0, 0.000188, 0.237339, 1.94726, 
1.37204, 0.000163, 0.219125, 2.06908, 
0, 6.1e-05, 0.222555, 2.04365, 
0, 0.000134, 0.216505, 2.02244, 
0, 0.000209, 0.240373, 2.05461, 
0, 0.000171, 0.218365, 1.9298, 
1.82106, 0.00016, 0.214675, 2.03314, 
0, 0.000204, 0.254856, 2.13999, 
0, 0.000112, 0.244976, 2.01963, 
0, 0.00016, 0.215532, 1.97606, 
0, 6.8e-05, 0.226865, 1.97342, 
1.33628, 0.000162, 0.226567, 2.21516, 
0, 0.000145, 0.232506, 2.07577, 
0, 0.00014, 0.22223, 1.98851, 
0, 5.9e-05, 0.209289, 1.94061, 
0, 4.4e-05, 0.228708, 1.96321, 
1.21292, 4.1e-05, 0.213493, 1.90257, 
0, 0.000172, 0.213492, 1.96837, 
0, 0.000156, 0.22304, 2.10376, 
0, 0.000193, 0.2558, 1.94775, 
0, 5.8e-05, 0.259969, 2.03773, 
0, 0.000228, 0.250472, 2.08421, 
1.41199, 0.000176, 0.241349, 2.04326, 
0, 0.000262, 0.301525, 2.07292, 
0, 0.00017, 0.218289, 2.01258, 
0, 0.000146, 0.204365, 1.96139, 
1.34109, 0.00025, 0.104592, 1.06529, 
0, 0.000176, 0.300583, 2.323, 
0, 0.00022, 0.277411, 2.17619, 
0, 0.000192, 0.232232, 2.02763, 
0, 0.000159, 0.260636, 2.37374, 
0, 0.000146, 0.248, 2.14833, 
1.53368, 0.000104, 0.412034, 2.60932, 
0, 0.000367, 0.382661, 2.33854, 
0, 0.000182, 0.23369, 2.1761, 
0, 0.000169, 0.238259, 1.96961, 
2.00243, 0.000157, 0.227822, 2.0133, 
0, 0.000689, 0.434259, 2.40215, 
0, 0.00019, 0.210757, 2.01931, 
0, 5.4e-05, 0.306074, 2.23154, 
0, 0.000206, 0.246993, 2.07053, 
0, 0.000335, 0.301558, 2.3158, 
1.45768, 0.000411, 0.310176, 2.16572, 
0, 0.000193, 0.379763, 2.13332, 
0, 0.000128, 0.205347, 2.02771, 
0, 0.000185, 0.237274, 2.18259, 
0, 0.000152, 0.227113, 2.17185, 
1.36225, 6.3e-05, 0.211458, 1.91432, 
0, 0.000191, 0.233101, 2.05301, 
0, 0.000275, 0.257964, 2.0217, 
0, 4.4e-05, 0.214831, 2.00042, 
1.92463, 0.000146, 0.233415, 2.16329, 
0, 0.000143, 0.233734, 2.06484, 
0, 0.000188, 0.236559, 2.06643, 
0, 0.000219, 0.254252, 2.11411, 
0, 0.000176, 0.236156, 2.03708, 
1.33014, 0.00031, 0.215155, 2.06111, 
0, 0.000175, 0.23872, 2.0178, 
0, 5.8e-05, 0.21699, 1.89913, 
0, 0.000144, 0.212849, 1.98042, 
0, 0.000117, 0.201075, 2.19743, 
1.3427, 0.000186, 0.239353, 2.02159, 
0, 0.000132, 0.225556, 2.05546, 
0, 0.000184, 0.318862, 1.9959, 
0, 5.9e-05, 0.212584, 1.93596, 
0, 0.0003, 0.275494, 2.86708, 
1.61322, 0.000135, 0.222459, 2.30279, 
0, 0.00017, 0.24094, 2.02467, 
0, 0.000148, 0.292503, 2.46186, 
0, 0.000131, 0.26286, 2.2268, 
